logical_relative_path,snapshot_count,distinct_hashes,versions
CLAIMS_AUDIT.md,3,2,cleanup_prior_reviewer_snapshot:6e21a850d08c:4133:cleanup_20260506_final_code_artifact_cleanup/prior_reviewer_artifact_snapshot/CLAIMS_AUDIT.md;cleanup_nested_reviewer_artifact:6e21a850d08c:4133:cleanup_20260506_final_code_artifact_cleanup/root_before_cleanup/submission_package/neurips2026_reviewer_artifact_anonymous/CLAIMS_AUDIT.md;submitted_git_worktree:0d32a472d043:4305:rag-hallucination-detection_main/CLAIMS_AUDIT.md
README.md,3,2,cleanup_prior_reviewer_snapshot:352968933ac4:1778:cleanup_20260506_final_code_artifact_cleanup/prior_reviewer_artifact_snapshot/README.md;cleanup_nested_reviewer_artifact:352968933ac4:1778:cleanup_20260506_final_code_artifact_cleanup/root_before_cleanup/submission_package/neurips2026_reviewer_artifact_anonymous/README.md;submitted_git_worktree:c0df0287f771:10239:rag-hallucination-detection_main/README.md
README_REPRODUCE.md,3,2,cleanup_prior_reviewer_snapshot:cd57821b890e:3461:cleanup_20260506_final_code_artifact_cleanup/prior_reviewer_artifact_snapshot/README_REPRODUCE.md;cleanup_nested_reviewer_artifact:cd57821b890e:3461:cleanup_20260506_final_code_artifact_cleanup/root_before_cleanup/submission_package/neurips2026_reviewer_artifact_anonymous/README_REPRODUCE.md;submitted_git_worktree:fc9ab0959244:3565:rag-hallucination-detection_main/README_REPRODUCE.md
SOURCE_TRACE.md,3,2,cleanup_prior_reviewer_snapshot:307bb760ddc8:2924:cleanup_20260506_final_code_artifact_cleanup/prior_reviewer_artifact_snapshot/SOURCE_TRACE.md;cleanup_nested_reviewer_artifact:307bb760ddc8:2924:cleanup_20260506_final_code_artifact_cleanup/root_before_cleanup/submission_package/neurips2026_reviewer_artifact_anonymous/SOURCE_TRACE.md;submitted_git_worktree:10de66a06b5c:3015:rag-hallucination-detection_main/SOURCE_TRACE.md
artifact_manifest.md,3,2,cleanup_prior_reviewer_snapshot:56994b715cba:2992:cleanup_20260506_final_code_artifact_cleanup/prior_reviewer_artifact_snapshot/artifact_manifest.md;cleanup_nested_reviewer_artifact:56994b715cba:2992:cleanup_20260506_final_code_artifact_cleanup/root_before_cleanup/submission_package/neurips2026_reviewer_artifact_anonymous/artifact_manifest.md;submitted_git_worktree:1f6323ab9d85:3058:rag-hallucination-detection_main/artifact_manifest.md
requirements-full.txt,3,2,cleanup_prior_reviewer_snapshot:434a49429de0:413:cleanup_20260506_final_code_artifact_cleanup/prior_reviewer_artifact_snapshot/requirements-full.txt;cleanup_nested_reviewer_artifact:434a49429de0:413:cleanup_20260506_final_code_artifact_cleanup/root_before_cleanup/submission_package/neurips2026_reviewer_artifact_anonymous/requirements-full.txt;submitted_git_worktree:cd6b7f09128f:288:rag-hallucination-detection_main/requirements-full.txt
results/revision/fix_03/disagreement_alignment_n100.csv,4,2,cleanup_prior_reviewer_snapshot:fc205b6b792a:1267:cleanup_20260506_final_code_artifact_cleanup/prior_reviewer_artifact_snapshot/results/revision/fix_03/disagreement_alignment_n100.csv;cleanup_root_before:fc205b6b792a:1267:cleanup_20260506_final_code_artifact_cleanup/root_before_cleanup/results/revision/fix_03/disagreement_alignment_n100.csv;cleanup_nested_reviewer_artifact:fc205b6b792a:1267:cleanup_20260506_final_code_artifact_cleanup/root_before_cleanup/submission_package/neurips2026_reviewer_artifact_anonymous/results/revision/fix_03/disagreement_alignment_n100.csv;submitted_git_worktree:6ad02f9f30c9:1266:rag-hallucination-detection_main/results/revision/fix_03/disagreement_alignment_n100.csv
scripts/analyze_human_disagreement_labels.py,4,2,cleanup_prior_reviewer_snapshot:60a9184bad43:14322:cleanup_20260506_final_code_artifact_cleanup/prior_reviewer_artifact_snapshot/scripts/analyze_human_disagreement_labels.py;cleanup_root_before:60a9184bad43:14322:cleanup_20260506_final_code_artifact_cleanup/root_before_cleanup/scripts/analyze_human_disagreement_labels.py;cleanup_nested_reviewer_artifact:60a9184bad43:14322:cleanup_20260506_final_code_artifact_cleanup/root_before_cleanup/submission_package/neurips2026_reviewer_artifact_anonymous/scripts/analyze_human_disagreement_labels.py;submitted_git_worktree:142e40516fd1:14235:rag-hallucination-detection_main/scripts/analyze_human_disagreement_labels.py
submission_package/neurips2026_reviewer_artifact_anonymous.zip,2,2,cleanup_root_before:afe457b0a2f5:2949763:cleanup_20260506_final_code_artifact_cleanup/root_before_cleanup/submission_package/neurips2026_reviewer_artifact_anonymous.zip;submitted_git_worktree:7e03cb61734f:852224:rag-hallucination-detection_main/submission_package/neurips2026_reviewer_artifact_anonymous.zip
