candidate_size,candidate_position,source_row_index,row_id,pair_id,input_digest,condition,dataset,seed,generator_model,source_sha256
300,0,139,crj_e78d8188ef7c5053e5520570,crjp_23bfd28ac230939238363af4,e78d8188ef7c5053e5520570ab20d910c826670ff194858092f78b29f1a180e2,baseline,squad,41,mistral,78348a4a786434fbf5aa42e1179f7c81aae7695eaee4e876d145aa3cb1a575f4
300,1,339,crj_42e101ab821e980cc90bca49,crjp_23bfd28ac230939238363af4,42e101ab821e980cc90bca49347aff5bba56e6fb77ec1bd9780ee5b0f081b676,hcpc_v1,squad,41,mistral,78348a4a786434fbf5aa42e1179f7c81aae7695eaee4e876d145aa3cb1a575f4
300,2,539,crj_b8d67a4a40f551a4275944a4,crjp_23bfd28ac230939238363af4,b8d67a4a40f551a4275944a41b614789a9468bf7381e42efff58dccc67451744,hcpc_v2,squad,41,mistral,78348a4a786434fbf5aa42e1179f7c81aae7695eaee4e876d145aa3cb1a575f4
300,3,135,crj_90b3fe4a1eeee403d36e1f45,crjp_909094e02aa1595c81d1a03d,90b3fe4a1eeee403d36e1f4537f0fdddb2f4ffd4e141eea4d29551828d273edf,baseline,squad,41,mistral,78348a4a786434fbf5aa42e1179f7c81aae7695eaee4e876d145aa3cb1a575f4
300,4,335,crj_adc146e195fa5a96f7617636,crjp_909094e02aa1595c81d1a03d,adc146e195fa5a96f76176367b771c0b179a3274d9e0e6af835cc0155eb98b5e,hcpc_v1,squad,41,mistral,78348a4a786434fbf5aa42e1179f7c81aae7695eaee4e876d145aa3cb1a575f4
300,5,535,crj_027b6412dfccf81ee37edd26,crjp_909094e02aa1595c81d1a03d,027b6412dfccf81ee37edd2603c8e2a6345e3383a52e5c3c131ee8d9c70ea117,hcpc_v2,squad,41,mistral,78348a4a786434fbf5aa42e1179f7c81aae7695eaee4e876d145aa3cb1a575f4
300,6,9,crj_1b793f9e417ec97dcfb81e36,crjp_794fde486a31b44cbfc83e33,1b793f9e417ec97dcfb81e367f23388cbc0ae19ce2bf068bdbf8dbf4d0108f35,baseline,squad,41,mistral,78348a4a786434fbf5aa42e1179f7c81aae7695eaee4e876d145aa3cb1a575f4
300,7,209,crj_c1a9fbeb0206c79ddbb87e5e,crjp_794fde486a31b44cbfc83e33,c1a9fbeb0206c79ddbb87e5e399b8923a8df4004df2b82c8db0882c73368b4e5,hcpc_v1,squad,41,mistral,78348a4a786434fbf5aa42e1179f7c81aae7695eaee4e876d145aa3cb1a575f4
300,8,409,crj_0c35baba7702ed83924a3222,crjp_794fde486a31b44cbfc83e33,0c35baba7702ed83924a3222a85941603b08aaa2a7b895a353735830c2d364eb,hcpc_v2,squad,41,mistral,78348a4a786434fbf5aa42e1179f7c81aae7695eaee4e876d145aa3cb1a575f4
300,9,84,crj_cb3647c0ca03a103db542c9d,crjp_5635e2a6e28b9c6e1fe270db,cb3647c0ca03a103db542c9d8cfda6c061dc85861b3699d189aaf4124b1d50bf,baseline,squad,41,mistral,78348a4a786434fbf5aa42e1179f7c81aae7695eaee4e876d145aa3cb1a575f4
300,10,284,crj_9a51b761d556865dcd770b21,crjp_5635e2a6e28b9c6e1fe270db,9a51b761d556865dcd770b21d58a15ca54d2fc376b285464a9a0d12b3f5b619f,hcpc_v1,squad,41,mistral,78348a4a786434fbf5aa42e1179f7c81aae7695eaee4e876d145aa3cb1a575f4
300,11,484,crj_7c42c40385e992c1f924a92c,crjp_5635e2a6e28b9c6e1fe270db,7c42c40385e992c1f924a92c4423fa081453d06ace2a5061d08e9ddb28f6a865,hcpc_v2,squad,41,mistral,78348a4a786434fbf5aa42e1179f7c81aae7695eaee4e876d145aa3cb1a575f4
300,12,142,crj_c1af76306aedb9ee814c26e1,crjp_6a5f93a1877cd49ba53eed69,c1af76306aedb9ee814c26e1072fc5e586914e312c1cda37c84e9143371309a0,baseline,squad,41,mistral,78348a4a786434fbf5aa42e1179f7c81aae7695eaee4e876d145aa3cb1a575f4
300,13,342,crj_ce4a1c14ef0ff5aab5de042d,crjp_6a5f93a1877cd49ba53eed69,ce4a1c14ef0ff5aab5de042da07653d754e7e542772b7f096e5775b40de03cb4,hcpc_v1,squad,41,mistral,78348a4a786434fbf5aa42e1179f7c81aae7695eaee4e876d145aa3cb1a575f4
300,14,542,crj_5c1240e02131cb4c2a6cc172,crjp_6a5f93a1877cd49ba53eed69,5c1240e02131cb4c2a6cc172448d5b0af62a3d96d2fdd2d4469c44fbe5a2bb81,hcpc_v2,squad,41,mistral,78348a4a786434fbf5aa42e1179f7c81aae7695eaee4e876d145aa3cb1a575f4
300,15,181,crj_c7aa3eebf3737d0f02ffdf1a,crjp_98aa49f36bb7ade2ce4b61fc,c7aa3eebf3737d0f02ffdf1a717e7ff91769e78ea05a611c479b509934b00624,baseline,squad,41,mistral,78348a4a786434fbf5aa42e1179f7c81aae7695eaee4e876d145aa3cb1a575f4
300,16,381,crj_e52fea0a7d263c4d558a5459,crjp_98aa49f36bb7ade2ce4b61fc,e52fea0a7d263c4d558a54596d8d2653234d74d99508c73a4c8e94238230bbf6,hcpc_v1,squad,41,mistral,78348a4a786434fbf5aa42e1179f7c81aae7695eaee4e876d145aa3cb1a575f4
300,17,581,crj_685c8335e82dbf1cbff5f7b6,crjp_98aa49f36bb7ade2ce4b61fc,685c8335e82dbf1cbff5f7b6318e6807ac3d51436c7cfaea3dca240e2062992f,hcpc_v2,squad,41,mistral,78348a4a786434fbf5aa42e1179f7c81aae7695eaee4e876d145aa3cb1a575f4
300,18,49,crj_83142a07e2ebdd67351fb634,crjp_5a8090da27f48741103e9235,83142a07e2ebdd67351fb6348cadf9ef7fbf65bd39d17fa6aaf1ec5438943a75,baseline,squad,41,mistral,78348a4a786434fbf5aa42e1179f7c81aae7695eaee4e876d145aa3cb1a575f4
300,19,249,crj_9a17b3707310fc5916b6c846,crjp_5a8090da27f48741103e9235,9a17b3707310fc5916b6c846ccbaee390ab95eb0b8ee73ab698b7ce6860cd91e,hcpc_v1,squad,41,mistral,78348a4a786434fbf5aa42e1179f7c81aae7695eaee4e876d145aa3cb1a575f4
300,20,449,crj_f07629bf34ac8b01fd2bc8d7,crjp_5a8090da27f48741103e9235,f07629bf34ac8b01fd2bc8d75d7746961a468ab1c2f40f2b859b9ec0d6c910eb,hcpc_v2,squad,41,mistral,78348a4a786434fbf5aa42e1179f7c81aae7695eaee4e876d145aa3cb1a575f4
300,21,189,crj_4e505b79b063d588aff20958,crjp_431fe049caac05ee14c10dbe,4e505b79b063d588aff20958836d4ca70f971d13d059dcb5efd92eebbad0274c,baseline,squad,41,mistral,78348a4a786434fbf5aa42e1179f7c81aae7695eaee4e876d145aa3cb1a575f4
300,22,389,crj_50f3abea9595f5b2fbe301ff,crjp_431fe049caac05ee14c10dbe,50f3abea9595f5b2fbe301ff3a72fa8a7140bdc887e827f1a153013d39423897,hcpc_v1,squad,41,mistral,78348a4a786434fbf5aa42e1179f7c81aae7695eaee4e876d145aa3cb1a575f4
300,23,589,crj_22f50c45e6b72856a3b105c3,crjp_431fe049caac05ee14c10dbe,22f50c45e6b72856a3b105c3aa5da3dcb9604976f05f04822efa0defeedf2d98,hcpc_v2,squad,41,mistral,78348a4a786434fbf5aa42e1179f7c81aae7695eaee4e876d145aa3cb1a575f4
300,24,70,crj_235698f0355f396209dae18a,crjp_f2a41c91700e429f25f29a23,235698f0355f396209dae18a4f6abd3d5e0a4d6b7abd040414848d732b74161f,baseline,squad,41,mistral,78348a4a786434fbf5aa42e1179f7c81aae7695eaee4e876d145aa3cb1a575f4
300,25,270,crj_acc7a63827b927a69d329b02,crjp_f2a41c91700e429f25f29a23,acc7a63827b927a69d329b0295c0a34eed6ae773d222d75d3e458eb4dd375af6,hcpc_v1,squad,41,mistral,78348a4a786434fbf5aa42e1179f7c81aae7695eaee4e876d145aa3cb1a575f4
300,26,470,crj_44af92c0a7124aea29d62af7,crjp_f2a41c91700e429f25f29a23,44af92c0a7124aea29d62af7f6a45f706b266c7b14de40aa258980f830d2b676,hcpc_v2,squad,41,mistral,78348a4a786434fbf5aa42e1179f7c81aae7695eaee4e876d145aa3cb1a575f4
300,27,82,crj_81c53e281be6d970b1dbdd7a,crjp_505c0bcf142a52fc6fd6d630,81c53e281be6d970b1dbdd7af70a67a8bde687539b2f392913df381a921cefd9,baseline,squad,41,mistral,78348a4a786434fbf5aa42e1179f7c81aae7695eaee4e876d145aa3cb1a575f4
300,28,282,crj_a2fdd63615944c049ba6af19,crjp_505c0bcf142a52fc6fd6d630,a2fdd63615944c049ba6af19ecdad65fbc52accb6d38765bffbf09a6ec5975a5,hcpc_v1,squad,41,mistral,78348a4a786434fbf5aa42e1179f7c81aae7695eaee4e876d145aa3cb1a575f4
300,29,482,crj_da1963a144d6bfb44a1c6f94,crjp_505c0bcf142a52fc6fd6d630,da1963a144d6bfb44a1c6f94c577b02b33621e74b5e90cab4ee39d69f35fdca9,hcpc_v2,squad,41,mistral,78348a4a786434fbf5aa42e1179f7c81aae7695eaee4e876d145aa3cb1a575f4
300,30,191,crj_673e67aeaf40c3a2936a1859,crjp_368efc38163dcf789acd141f,673e67aeaf40c3a2936a185963a523fbf80f5746736717bfa0b8369fd3153a33,baseline,squad,41,mistral,78348a4a786434fbf5aa42e1179f7c81aae7695eaee4e876d145aa3cb1a575f4
300,31,391,crj_d00a5500fe4a81544b1e1b36,crjp_368efc38163dcf789acd141f,d00a5500fe4a81544b1e1b365f55165b6bf2feca73933881d44127371428eff7,hcpc_v1,squad,41,mistral,78348a4a786434fbf5aa42e1179f7c81aae7695eaee4e876d145aa3cb1a575f4
300,32,591,crj_52e517585924f6db511557a2,crjp_368efc38163dcf789acd141f,52e517585924f6db511557a2f140143f65224ab20f288b8f7f3a4208934a1d61,hcpc_v2,squad,41,mistral,78348a4a786434fbf5aa42e1179f7c81aae7695eaee4e876d145aa3cb1a575f4
300,33,67,crj_9049d23147b43824257d8b5b,crjp_e74fc70e84733267b95d50af,9049d23147b43824257d8b5bf078307ab295e9c2ec4dfaad13b2c73df658a8a3,baseline,squad,41,mistral,78348a4a786434fbf5aa42e1179f7c81aae7695eaee4e876d145aa3cb1a575f4
300,34,267,crj_98be40a63b60c052f75791dd,crjp_e74fc70e84733267b95d50af,98be40a63b60c052f75791dd7027c01f8ccbd8650d6e094ba4a7966123109b92,hcpc_v1,squad,41,mistral,78348a4a786434fbf5aa42e1179f7c81aae7695eaee4e876d145aa3cb1a575f4
300,35,467,crj_9358582eb301f56457ad6a6a,crjp_e74fc70e84733267b95d50af,9358582eb301f56457ad6a6a1d74cd47bd86e54e366f00fe2e2168ca8e12fd3a,hcpc_v2,squad,41,mistral,78348a4a786434fbf5aa42e1179f7c81aae7695eaee4e876d145aa3cb1a575f4
300,36,47,crj_de7420a4b06d4931df1eef3e,crjp_2eb377a5467967451a17af41,de7420a4b06d4931df1eef3e9233ef4f44a5d117f0aa3a128a4943a10f2ecbc4,baseline,squad,41,mistral,78348a4a786434fbf5aa42e1179f7c81aae7695eaee4e876d145aa3cb1a575f4
300,37,247,crj_c3efbbe226e505cb8b2283db,crjp_2eb377a5467967451a17af41,c3efbbe226e505cb8b2283dbdefb30b03b270f8329c89b96323a88bb1578272c,hcpc_v1,squad,41,mistral,78348a4a786434fbf5aa42e1179f7c81aae7695eaee4e876d145aa3cb1a575f4
300,38,447,crj_f10b77403a9bdbd403bf0a40,crjp_2eb377a5467967451a17af41,f10b77403a9bdbd403bf0a403f3a5712077624bba57257fa1d0f021dfa1922c1,hcpc_v2,squad,41,mistral,78348a4a786434fbf5aa42e1179f7c81aae7695eaee4e876d145aa3cb1a575f4
300,39,23,crj_fe42a0f3aea90f01dec8693b,crjp_ba8bf8b1f0befc62ca8abac9,fe42a0f3aea90f01dec8693bd3f426a616cbd9fcda91bcc493ebe3b19d61e0fa,baseline,squad,41,mistral,78348a4a786434fbf5aa42e1179f7c81aae7695eaee4e876d145aa3cb1a575f4
300,40,223,crj_db4cf90cdd2ddc906ed914ac,crjp_ba8bf8b1f0befc62ca8abac9,db4cf90cdd2ddc906ed914ac5acc0c8bc38322731988044af29b3d1914cb9bd2,hcpc_v1,squad,41,mistral,78348a4a786434fbf5aa42e1179f7c81aae7695eaee4e876d145aa3cb1a575f4
300,41,423,crj_1eef735920ac998310e87c6f,crjp_ba8bf8b1f0befc62ca8abac9,1eef735920ac998310e87c6fdf0ab5b2d9d2acdd77b8bf50a684e534fb0aa678,hcpc_v2,squad,41,mistral,78348a4a786434fbf5aa42e1179f7c81aae7695eaee4e876d145aa3cb1a575f4
300,42,106,crj_8fbc410512105c2263cb6b43,crjp_78801006d879b4fafe37d7f8,8fbc410512105c2263cb6b43e23a332e777e13a06f6c1a8361cceed4b9dea9b9,baseline,squad,41,mistral,78348a4a786434fbf5aa42e1179f7c81aae7695eaee4e876d145aa3cb1a575f4
300,43,306,crj_c5a4cda35cb04ba917e51ab3,crjp_78801006d879b4fafe37d7f8,c5a4cda35cb04ba917e51ab34d56fa098328727362c2f12f35cb4f8beb7a43e0,hcpc_v1,squad,41,mistral,78348a4a786434fbf5aa42e1179f7c81aae7695eaee4e876d145aa3cb1a575f4
300,44,506,crj_43c4e8d694c19f49d3429132,crjp_78801006d879b4fafe37d7f8,43c4e8d694c19f49d3429132292b9acde48168ec5e6d69c9018b584addf9224a,hcpc_v2,squad,41,mistral,78348a4a786434fbf5aa42e1179f7c81aae7695eaee4e876d145aa3cb1a575f4
300,45,43,crj_131401ff562626aa5b93b409,crjp_e4a5f3ac4aa1e60ae616daf7,131401ff562626aa5b93b409ef587a9076de547b8e9a0c52c6e5b6244bb3b7f1,baseline,squad,41,mistral,78348a4a786434fbf5aa42e1179f7c81aae7695eaee4e876d145aa3cb1a575f4
300,46,243,crj_7fc8dbd68aa90530c6794147,crjp_e4a5f3ac4aa1e60ae616daf7,7fc8dbd68aa90530c6794147b8d7f2bc9d237c39ca0b854c12e88e1128c7d355,hcpc_v1,squad,41,mistral,78348a4a786434fbf5aa42e1179f7c81aae7695eaee4e876d145aa3cb1a575f4
300,47,443,crj_629f7b0c3d8bd8fe3a5c3ad1,crjp_e4a5f3ac4aa1e60ae616daf7,629f7b0c3d8bd8fe3a5c3ad1592cc264d25d71fa16dae359822ed5354a84d57c,hcpc_v2,squad,41,mistral,78348a4a786434fbf5aa42e1179f7c81aae7695eaee4e876d145aa3cb1a575f4
300,48,71,crj_e0365249ac3d3917e152c6d1,crjp_60b4dbc4413c8e8d809f1d64,e0365249ac3d3917e152c6d1dcc788c66cf357d29db9bf9d4dbabf73ffc7e017,baseline,squad,41,mistral,78348a4a786434fbf5aa42e1179f7c81aae7695eaee4e876d145aa3cb1a575f4
300,49,271,crj_16e4709cb8bac293ab9e2f04,crjp_60b4dbc4413c8e8d809f1d64,16e4709cb8bac293ab9e2f0408f03bc5a2f398b963a113583e9efd1d02bbaa53,hcpc_v1,squad,41,mistral,78348a4a786434fbf5aa42e1179f7c81aae7695eaee4e876d145aa3cb1a575f4
300,50,471,crj_87716d9dcaca868e7ef31fd9,crjp_60b4dbc4413c8e8d809f1d64,87716d9dcaca868e7ef31fd99e96efad052b73f07f2f5b8c5f025e9d74a4f97f,hcpc_v2,squad,41,mistral,78348a4a786434fbf5aa42e1179f7c81aae7695eaee4e876d145aa3cb1a575f4
300,51,157,crj_a63249f69c1067ab75717a5f,crjp_44483fc22f0a63d5b537c3ef,a63249f69c1067ab75717a5fceca61dcc572a76e72a430341b3d860ac24b9fb6,baseline,squad,41,mistral,78348a4a786434fbf5aa42e1179f7c81aae7695eaee4e876d145aa3cb1a575f4
300,52,357,crj_4b21da5a20766db298ea5e29,crjp_44483fc22f0a63d5b537c3ef,4b21da5a20766db298ea5e291245356bc005eea5721d8d06f2f8ade5815fa6a8,hcpc_v1,squad,41,mistral,78348a4a786434fbf5aa42e1179f7c81aae7695eaee4e876d145aa3cb1a575f4
300,53,557,crj_84a6f2bcc4b1b1c8d46cba8e,crjp_44483fc22f0a63d5b537c3ef,84a6f2bcc4b1b1c8d46cba8ef09f142626f6c2c68516c70d4b5fa1ca663ced82,hcpc_v2,squad,41,mistral,78348a4a786434fbf5aa42e1179f7c81aae7695eaee4e876d145aa3cb1a575f4
300,54,60,crj_409012260e8ef75bb4b578ce,crjp_6942c60baa2d52335f81c45c,409012260e8ef75bb4b578ce2ed81f405ac9ba9cf10ecbec974894e14da88a08,baseline,squad,41,mistral,78348a4a786434fbf5aa42e1179f7c81aae7695eaee4e876d145aa3cb1a575f4
300,55,260,crj_3016a7fe625305a5e048c5c9,crjp_6942c60baa2d52335f81c45c,3016a7fe625305a5e048c5c9a4b5ec357b6895b47c76bea8d9e24aac940b6e4b,hcpc_v1,squad,41,mistral,78348a4a786434fbf5aa42e1179f7c81aae7695eaee4e876d145aa3cb1a575f4
300,56,460,crj_3e2d9608ba9ddee12492203e,crjp_6942c60baa2d52335f81c45c,3e2d9608ba9ddee12492203ef82db9057440898b189b813b646fb501d1b07843,hcpc_v2,squad,41,mistral,78348a4a786434fbf5aa42e1179f7c81aae7695eaee4e876d145aa3cb1a575f4
300,57,165,crj_31930d994fe992f783ba7c88,crjp_e178e06e532f7934d1c247d8,31930d994fe992f783ba7c8878ed39d3c9400a26d59fb6ccc797ca46ad364ac7,baseline,squad,41,mistral,78348a4a786434fbf5aa42e1179f7c81aae7695eaee4e876d145aa3cb1a575f4
300,58,365,crj_8a2fe01f68996fd50b681b9e,crjp_e178e06e532f7934d1c247d8,8a2fe01f68996fd50b681b9ed29555ae36169fd48f587940874aee9f09174c7a,hcpc_v1,squad,41,mistral,78348a4a786434fbf5aa42e1179f7c81aae7695eaee4e876d145aa3cb1a575f4
300,59,565,crj_a062b4e7497725b0af6aba5d,crjp_e178e06e532f7934d1c247d8,a062b4e7497725b0af6aba5d14171cda7fc385c8234c95b0b66661db5a98b055,hcpc_v2,squad,41,mistral,78348a4a786434fbf5aa42e1179f7c81aae7695eaee4e876d145aa3cb1a575f4
300,60,21,crj_e76ce8d279af488ac599b250,crjp_25e67e8d9f4de414983c1f57,e76ce8d279af488ac599b2504667d14bde2fb9aadfee425908baaa3809037378,baseline,squad,41,mistral,78348a4a786434fbf5aa42e1179f7c81aae7695eaee4e876d145aa3cb1a575f4
300,61,221,crj_200707e39b326ff827bf232d,crjp_25e67e8d9f4de414983c1f57,200707e39b326ff827bf232d62e973e80d7ee19ebe9337950a4f79fbfeeeaaf8,hcpc_v1,squad,41,mistral,78348a4a786434fbf5aa42e1179f7c81aae7695eaee4e876d145aa3cb1a575f4
300,62,421,crj_40c1ff2b9a8823a2b983ed0b,crjp_25e67e8d9f4de414983c1f57,40c1ff2b9a8823a2b983ed0b7bc49ff6b9c9e6a0b123bc09e432fbb545970ca8,hcpc_v2,squad,41,mistral,78348a4a786434fbf5aa42e1179f7c81aae7695eaee4e876d145aa3cb1a575f4
300,63,199,crj_738e1eb36b5adcd88a77c9b3,crjp_d730ce4207503042ca1aeb45,738e1eb36b5adcd88a77c9b314140358e26b80751d0c60145270a52350f1168a,baseline,squad,41,mistral,78348a4a786434fbf5aa42e1179f7c81aae7695eaee4e876d145aa3cb1a575f4
300,64,399,crj_0c621ec62afb40ba43cd2eff,crjp_d730ce4207503042ca1aeb45,0c621ec62afb40ba43cd2eff68047c9b903211139d647bcd0d059e976fdde84b,hcpc_v1,squad,41,mistral,78348a4a786434fbf5aa42e1179f7c81aae7695eaee4e876d145aa3cb1a575f4
300,65,599,crj_fefce2ba1492e4e3a6103fc5,crjp_d730ce4207503042ca1aeb45,fefce2ba1492e4e3a6103fc5d60ee1efc38d84f75ff0542c998f6720aca67cad,hcpc_v2,squad,41,mistral,78348a4a786434fbf5aa42e1179f7c81aae7695eaee4e876d145aa3cb1a575f4
300,66,92,crj_cd8e49cf8150a27b7e4ac2f7,crjp_021990001391618a886ccdb7,cd8e49cf8150a27b7e4ac2f785c8b00a26e3ff0d2f42daedb068597345046c7a,baseline,squad,41,mistral,78348a4a786434fbf5aa42e1179f7c81aae7695eaee4e876d145aa3cb1a575f4
300,67,292,crj_df91c2f8ce25caed60a8f2f2,crjp_021990001391618a886ccdb7,df91c2f8ce25caed60a8f2f2c2e97b6d4f31e18a0c8cfa85cfa44fbfa1b5d1e4,hcpc_v1,squad,41,mistral,78348a4a786434fbf5aa42e1179f7c81aae7695eaee4e876d145aa3cb1a575f4
300,68,492,crj_7f86be4fdcf246a2a68dc85e,crjp_021990001391618a886ccdb7,7f86be4fdcf246a2a68dc85e7e26c251b6bc5c314673a1b080e53b96f892e2fa,hcpc_v2,squad,41,mistral,78348a4a786434fbf5aa42e1179f7c81aae7695eaee4e876d145aa3cb1a575f4
300,69,44,crj_59aeff319df451a56b943df4,crjp_bda875b707b3bcc50fdef764,59aeff319df451a56b943df47cca78c952d94ad5f4ae7fb1cff8b073ca290b12,baseline,squad,41,mistral,78348a4a786434fbf5aa42e1179f7c81aae7695eaee4e876d145aa3cb1a575f4
300,70,244,crj_792498d3eb5915520bfcc115,crjp_bda875b707b3bcc50fdef764,792498d3eb5915520bfcc1157eb67f1ec2adaf7fdda8953022f7009823d98118,hcpc_v1,squad,41,mistral,78348a4a786434fbf5aa42e1179f7c81aae7695eaee4e876d145aa3cb1a575f4
300,71,444,crj_f7001af7e55e12a36d7d41a4,crjp_bda875b707b3bcc50fdef764,f7001af7e55e12a36d7d41a411fe7b99431ac1ac6f7def3f0f272bc4aa2be3c5,hcpc_v2,squad,41,mistral,78348a4a786434fbf5aa42e1179f7c81aae7695eaee4e876d145aa3cb1a575f4
300,72,179,crj_caa31451c7684f0f9795279b,crjp_b4ae8366d18bc8eff071c92b,caa31451c7684f0f9795279b605c665e2b1d943fd089d72d13a35035e3f693d9,baseline,squad,41,mistral,78348a4a786434fbf5aa42e1179f7c81aae7695eaee4e876d145aa3cb1a575f4
300,73,379,crj_65feae684b7109e7d4517886,crjp_b4ae8366d18bc8eff071c92b,65feae684b7109e7d45178868d90c8acd4e030ebedf9376f04c1debe9259ff3c,hcpc_v1,squad,41,mistral,78348a4a786434fbf5aa42e1179f7c81aae7695eaee4e876d145aa3cb1a575f4
300,74,579,crj_94340ecd509060e3e9fff279,crjp_b4ae8366d18bc8eff071c92b,94340ecd509060e3e9fff2796ef862b9fe112502c9e64d5ca5f558877fc64371,hcpc_v2,squad,41,mistral,78348a4a786434fbf5aa42e1179f7c81aae7695eaee4e876d145aa3cb1a575f4
300,75,193,crj_8cb10d2502543f4708d56c26,crjp_17236661b0899042c953fd12,8cb10d2502543f4708d56c26c4c0f6335e7582dd10703bfbe02763e77f39cbd5,baseline,squad,41,mistral,78348a4a786434fbf5aa42e1179f7c81aae7695eaee4e876d145aa3cb1a575f4
300,76,393,crj_9d2b732b3ee3783a90422659,crjp_17236661b0899042c953fd12,9d2b732b3ee3783a904226595c90efc6afc4be89e67ed3e7d7f64c2215254928,hcpc_v1,squad,41,mistral,78348a4a786434fbf5aa42e1179f7c81aae7695eaee4e876d145aa3cb1a575f4
300,77,593,crj_9d16755d7602823a87623c64,crjp_17236661b0899042c953fd12,9d16755d7602823a87623c64194f354ffbafbb007ac8194e420c330b06d64b78,hcpc_v2,squad,41,mistral,78348a4a786434fbf5aa42e1179f7c81aae7695eaee4e876d145aa3cb1a575f4
300,78,174,crj_f8bb778399505f5798e3acfa,crjp_4b116d4594d6f12756b1bfb5,f8bb778399505f5798e3acfa32b6fa27ffddd8689ea66099fd08c6ee106bc75f,baseline,squad,41,mistral,78348a4a786434fbf5aa42e1179f7c81aae7695eaee4e876d145aa3cb1a575f4
300,79,374,crj_92685a8e9197a30e6c918bad,crjp_4b116d4594d6f12756b1bfb5,92685a8e9197a30e6c918bad6c9d384f07ce10608479272bd45a441a76f71b8f,hcpc_v1,squad,41,mistral,78348a4a786434fbf5aa42e1179f7c81aae7695eaee4e876d145aa3cb1a575f4
300,80,574,crj_b8238f79e0c04b240a1745b7,crjp_4b116d4594d6f12756b1bfb5,b8238f79e0c04b240a1745b752aed150a56600b58bfc27ffac8a91b5f03daebf,hcpc_v2,squad,41,mistral,78348a4a786434fbf5aa42e1179f7c81aae7695eaee4e876d145aa3cb1a575f4
300,81,117,crj_a3f73f465cc333c5b71efc48,crjp_7106c7e30b6b00b5ba0e2b7b,a3f73f465cc333c5b71efc485b3edd6cd5ca5ebd355280790e2e873beb9f74ec,baseline,squad,41,mistral,78348a4a786434fbf5aa42e1179f7c81aae7695eaee4e876d145aa3cb1a575f4
300,82,317,crj_4ffef4d6061ab6e0e92480fe,crjp_7106c7e30b6b00b5ba0e2b7b,4ffef4d6061ab6e0e92480fed46519620a421e5b829e79394e5bf3ada5165c4f,hcpc_v1,squad,41,mistral,78348a4a786434fbf5aa42e1179f7c81aae7695eaee4e876d145aa3cb1a575f4
300,83,517,crj_50e50b588171690c08b87106,crjp_7106c7e30b6b00b5ba0e2b7b,50e50b588171690c08b871066d4c7e21c3546d6ff235652e1e690782b45034ed,hcpc_v2,squad,41,mistral,78348a4a786434fbf5aa42e1179f7c81aae7695eaee4e876d145aa3cb1a575f4
300,84,4,crj_320b3d3551d6d9c5a31e1200,crjp_66c164b87239c5addd5992fb,320b3d3551d6d9c5a31e1200e0b9f6f3a9a0eb53905d5619eb1a50a627602870,baseline,squad,41,mistral,78348a4a786434fbf5aa42e1179f7c81aae7695eaee4e876d145aa3cb1a575f4
300,85,204,crj_076a41b3c238193aa52e54a2,crjp_66c164b87239c5addd5992fb,076a41b3c238193aa52e54a2dc541acf879cd805b8bbe79188c01ce7a88a94e2,hcpc_v1,squad,41,mistral,78348a4a786434fbf5aa42e1179f7c81aae7695eaee4e876d145aa3cb1a575f4
300,86,404,crj_9c3f4492d0dc865abb651d81,crjp_66c164b87239c5addd5992fb,9c3f4492d0dc865abb651d8123ad2c4d74be5d8e64bdd3f17eed6e9b66ddb35a,hcpc_v2,squad,41,mistral,78348a4a786434fbf5aa42e1179f7c81aae7695eaee4e876d145aa3cb1a575f4
300,87,147,crj_282028a4ff8f050e810aad46,crjp_7e94f76259c1b41983b4bbff,282028a4ff8f050e810aad46ae4db4c5635e3e2b9c2336b6d87d8408dbe791e6,baseline,squad,41,mistral,78348a4a786434fbf5aa42e1179f7c81aae7695eaee4e876d145aa3cb1a575f4
300,88,347,crj_2174471bc4e50709505e2457,crjp_7e94f76259c1b41983b4bbff,2174471bc4e50709505e2457be6b54c39f33eef55d644d9e626cec6fda37c237,hcpc_v1,squad,41,mistral,78348a4a786434fbf5aa42e1179f7c81aae7695eaee4e876d145aa3cb1a575f4
300,89,547,crj_a7ebd89dd1898dc4a6ae55b1,crjp_7e94f76259c1b41983b4bbff,a7ebd89dd1898dc4a6ae55b1c52875900c6fbefbb50760a4e475a4f892163059,hcpc_v2,squad,41,mistral,78348a4a786434fbf5aa42e1179f7c81aae7695eaee4e876d145aa3cb1a575f4
300,90,5,crj_9992c61b219d4b1d9e931384,crjp_82c3dccc00c1313463c12c31,9992c61b219d4b1d9e931384ef5a1b67241774a29cc8a9d6d199ab6c2214d5d8,baseline,squad,41,mistral,78348a4a786434fbf5aa42e1179f7c81aae7695eaee4e876d145aa3cb1a575f4
300,91,205,crj_846f18faa2027100de264af2,crjp_82c3dccc00c1313463c12c31,846f18faa2027100de264af2654da70c88a1481790122130e4d08259296121ae,hcpc_v1,squad,41,mistral,78348a4a786434fbf5aa42e1179f7c81aae7695eaee4e876d145aa3cb1a575f4
300,92,405,crj_2b6c13dd7a9abf447c58ada2,crjp_82c3dccc00c1313463c12c31,2b6c13dd7a9abf447c58ada243c5157f2865a09d3787c022dd3aeaa1a384438c,hcpc_v2,squad,41,mistral,78348a4a786434fbf5aa42e1179f7c81aae7695eaee4e876d145aa3cb1a575f4
300,93,176,crj_e9a7e05543662fbfd12c0e19,crjp_a1160ad9903fcf7cad9c8f47,e9a7e05543662fbfd12c0e191633c3e6b447890894b9b2584f6a1fbbd8220f23,baseline,squad,41,mistral,78348a4a786434fbf5aa42e1179f7c81aae7695eaee4e876d145aa3cb1a575f4
300,94,376,crj_5d344bc5949198ae24b4eb1e,crjp_a1160ad9903fcf7cad9c8f47,5d344bc5949198ae24b4eb1e4f88c2ef1e67d041562795c5283694808676d1a1,hcpc_v1,squad,41,mistral,78348a4a786434fbf5aa42e1179f7c81aae7695eaee4e876d145aa3cb1a575f4
300,95,576,crj_2c6ba0abd9728d4a3eaa710c,crjp_a1160ad9903fcf7cad9c8f47,2c6ba0abd9728d4a3eaa710cd433310021c927b4b6030cbd9ffacce309c6b5ca,hcpc_v2,squad,41,mistral,78348a4a786434fbf5aa42e1179f7c81aae7695eaee4e876d145aa3cb1a575f4
300,96,98,crj_de0eedb110a52420fccdb4b7,crjp_eeac395a3f2ef5ec4a764a00,de0eedb110a52420fccdb4b78f04656bdea9d8ff4434d4fdb2bc9ad5292d9e72,baseline,squad,41,mistral,78348a4a786434fbf5aa42e1179f7c81aae7695eaee4e876d145aa3cb1a575f4
300,97,298,crj_0510cbc7257708e2df745601,crjp_eeac395a3f2ef5ec4a764a00,0510cbc7257708e2df745601dbd69d065df1f7f3d0a1038c08d660420dfdf66b,hcpc_v1,squad,41,mistral,78348a4a786434fbf5aa42e1179f7c81aae7695eaee4e876d145aa3cb1a575f4
300,98,498,crj_d2295fa3750afd051a743065,crjp_eeac395a3f2ef5ec4a764a00,d2295fa3750afd051a7430659fe9485ac5a88c5efaa644a538f6f09b2381ee21,hcpc_v2,squad,41,mistral,78348a4a786434fbf5aa42e1179f7c81aae7695eaee4e876d145aa3cb1a575f4
300,99,20,crj_ff2771872f97eb83b24b070f,crjp_9fb6946d6847be92f3b21965,ff2771872f97eb83b24b070f26f7f381664258504d9949596b1da4399eda327c,baseline,squad,41,mistral,78348a4a786434fbf5aa42e1179f7c81aae7695eaee4e876d145aa3cb1a575f4
300,100,220,crj_62b8c49f4ad2d0df129ebda3,crjp_9fb6946d6847be92f3b21965,62b8c49f4ad2d0df129ebda317e7f767e241ac821a9b1ef04e5a40f8cebc6468,hcpc_v1,squad,41,mistral,78348a4a786434fbf5aa42e1179f7c81aae7695eaee4e876d145aa3cb1a575f4
300,101,420,crj_e534635a94df3b055162cf81,crjp_9fb6946d6847be92f3b21965,e534635a94df3b055162cf81f8fd6b320dadb2a595cfbaa66e6fc1d4f16c171c,hcpc_v2,squad,41,mistral,78348a4a786434fbf5aa42e1179f7c81aae7695eaee4e876d145aa3cb1a575f4
300,102,79,crj_d65f3d3cb2d6cb9c86f1a208,crjp_51c963d4d0823a2367dfeb89,d65f3d3cb2d6cb9c86f1a2083b574bfd14989f2532fed617ca544fc790fdc396,baseline,squad,41,mistral,78348a4a786434fbf5aa42e1179f7c81aae7695eaee4e876d145aa3cb1a575f4
300,103,279,crj_1815860dff4ed755ad57f642,crjp_51c963d4d0823a2367dfeb89,1815860dff4ed755ad57f6426827370d52e7c8bdbacef08781b29f2bf731df9a,hcpc_v1,squad,41,mistral,78348a4a786434fbf5aa42e1179f7c81aae7695eaee4e876d145aa3cb1a575f4
300,104,479,crj_c431528e5a25c01aeacc1979,crjp_51c963d4d0823a2367dfeb89,c431528e5a25c01aeacc1979466284e762cb6deda8e4d4e934807bdb7acf7df2,hcpc_v2,squad,41,mistral,78348a4a786434fbf5aa42e1179f7c81aae7695eaee4e876d145aa3cb1a575f4
300,105,72,crj_502f73220ec25f12121f16bc,crjp_3a533090d336db74fbc32998,502f73220ec25f12121f16bc8795715b710770dce135353bcc40eba4bb43c45f,baseline,squad,41,mistral,78348a4a786434fbf5aa42e1179f7c81aae7695eaee4e876d145aa3cb1a575f4
300,106,272,crj_7c7e33ddc73f931d96e070e7,crjp_3a533090d336db74fbc32998,7c7e33ddc73f931d96e070e7cc4dbfb5ff1bc69a054a7a21d174d52e8053dcd0,hcpc_v1,squad,41,mistral,78348a4a786434fbf5aa42e1179f7c81aae7695eaee4e876d145aa3cb1a575f4
300,107,472,crj_ccd27ee00967eb68ec0061b2,crjp_3a533090d336db74fbc32998,ccd27ee00967eb68ec0061b2f76ce9336481f2528ca246cad3d10dc3088de4b8,hcpc_v2,squad,41,mistral,78348a4a786434fbf5aa42e1179f7c81aae7695eaee4e876d145aa3cb1a575f4
300,108,107,crj_d90034805bcc73683bb67b9c,crjp_d673cc71e2d0fc2e477242ee,d90034805bcc73683bb67b9c721f4497deb5d692b47b2f918553e1cb8dbb23aa,baseline,squad,41,mistral,78348a4a786434fbf5aa42e1179f7c81aae7695eaee4e876d145aa3cb1a575f4
300,109,307,crj_8550cc9546d9f2feb6c07557,crjp_d673cc71e2d0fc2e477242ee,8550cc9546d9f2feb6c07557bde538ab5c7e1b6537a0151214a254e759527ff4,hcpc_v1,squad,41,mistral,78348a4a786434fbf5aa42e1179f7c81aae7695eaee4e876d145aa3cb1a575f4
300,110,507,crj_842277823a60e00ea8131643,crjp_d673cc71e2d0fc2e477242ee,842277823a60e00ea8131643f97739dab60e44ea13079d31efd81a6e6e53c599,hcpc_v2,squad,41,mistral,78348a4a786434fbf5aa42e1179f7c81aae7695eaee4e876d145aa3cb1a575f4
300,111,148,crj_67394aeb11e0905f7e45ff11,crjp_7808675316d4bf138ae80641,67394aeb11e0905f7e45ff11521ab4f16a181e828f823f2941d00b8e4ca373b3,baseline,squad,41,mistral,78348a4a786434fbf5aa42e1179f7c81aae7695eaee4e876d145aa3cb1a575f4
300,112,348,crj_fe3d7bfab007794fd43c05de,crjp_7808675316d4bf138ae80641,fe3d7bfab007794fd43c05de19e30f751982440908b59c440aae07913d977919,hcpc_v1,squad,41,mistral,78348a4a786434fbf5aa42e1179f7c81aae7695eaee4e876d145aa3cb1a575f4
300,113,548,crj_c38e7b229566eb53b7501d58,crjp_7808675316d4bf138ae80641,c38e7b229566eb53b7501d582ab493070586002e2d38e99890f151d99d627edf,hcpc_v2,squad,41,mistral,78348a4a786434fbf5aa42e1179f7c81aae7695eaee4e876d145aa3cb1a575f4
300,114,127,crj_deb9322f51d2b61379df6d08,crjp_c011dd40214bffbd9b828a1f,deb9322f51d2b61379df6d082c4dcb271be81e6ae490a380a4531a16725be73d,baseline,squad,41,mistral,78348a4a786434fbf5aa42e1179f7c81aae7695eaee4e876d145aa3cb1a575f4
300,115,327,crj_5fd8600165c3f28796e7fca7,crjp_c011dd40214bffbd9b828a1f,5fd8600165c3f28796e7fca71880ced316076d2aed963d83e390b4aebea483f7,hcpc_v1,squad,41,mistral,78348a4a786434fbf5aa42e1179f7c81aae7695eaee4e876d145aa3cb1a575f4
300,116,527,crj_7f4527e21a08ad86b7c9f17c,crjp_c011dd40214bffbd9b828a1f,7f4527e21a08ad86b7c9f17c5ca7fb85faddce1386572465d55cddb00614501f,hcpc_v2,squad,41,mistral,78348a4a786434fbf5aa42e1179f7c81aae7695eaee4e876d145aa3cb1a575f4
300,117,17,crj_9828c2383d6168f0420f6ed9,crjp_b30c869a01bb5d0ff29c70b1,9828c2383d6168f0420f6ed9aa50c482ea43a5db382d17ee93e3a0cd11b2c5b7,baseline,squad,41,mistral,78348a4a786434fbf5aa42e1179f7c81aae7695eaee4e876d145aa3cb1a575f4
300,118,217,crj_272e06faf228e9016ee89cf2,crjp_b30c869a01bb5d0ff29c70b1,272e06faf228e9016ee89cf24f48d146eaa6e5f72b37bc42c5f8647fa18e53a9,hcpc_v1,squad,41,mistral,78348a4a786434fbf5aa42e1179f7c81aae7695eaee4e876d145aa3cb1a575f4
300,119,417,crj_5729e2ea40462459d295af8a,crjp_b30c869a01bb5d0ff29c70b1,5729e2ea40462459d295af8abd23b2d2fee548967b71256ff51595bf29c489c6,hcpc_v2,squad,41,mistral,78348a4a786434fbf5aa42e1179f7c81aae7695eaee4e876d145aa3cb1a575f4
300,120,34,crj_8ca24eb26f3c4b009ebb91e7,crjp_eab896c017ff5bb1cbdf00a5,8ca24eb26f3c4b009ebb91e702b7509fa5330eeb2b9cb3490e84ad6b173b9101,baseline,squad,41,mistral,78348a4a786434fbf5aa42e1179f7c81aae7695eaee4e876d145aa3cb1a575f4
300,121,234,crj_ba2bcd466402578f1b8b7fb2,crjp_eab896c017ff5bb1cbdf00a5,ba2bcd466402578f1b8b7fb24fd71bc5f6b7459f25c90c45e2332bc2f43ef911,hcpc_v1,squad,41,mistral,78348a4a786434fbf5aa42e1179f7c81aae7695eaee4e876d145aa3cb1a575f4
300,122,434,crj_2755735ab2574a8cb3000b07,crjp_eab896c017ff5bb1cbdf00a5,2755735ab2574a8cb3000b073357ace734294f327f704923a931a66af8089776,hcpc_v2,squad,41,mistral,78348a4a786434fbf5aa42e1179f7c81aae7695eaee4e876d145aa3cb1a575f4
300,123,64,crj_cb046e1108d2eb3e993d8958,crjp_197f583048e9f3ba71eeee88,cb046e1108d2eb3e993d8958e54226b0105794e1368acaf49c76e4ae243dc82e,baseline,squad,41,mistral,78348a4a786434fbf5aa42e1179f7c81aae7695eaee4e876d145aa3cb1a575f4
300,124,264,crj_a55b821976644004b3ef2711,crjp_197f583048e9f3ba71eeee88,a55b821976644004b3ef2711987f6f1afb831f309d4e7a064e1e8494d9f3b95c,hcpc_v1,squad,41,mistral,78348a4a786434fbf5aa42e1179f7c81aae7695eaee4e876d145aa3cb1a575f4
300,125,464,crj_cff95a4f9b6b3915c9ae7158,crjp_197f583048e9f3ba71eeee88,cff95a4f9b6b3915c9ae71586eb66413f7517fa257f46f86ecf0493ac59c5c2b,hcpc_v2,squad,41,mistral,78348a4a786434fbf5aa42e1179f7c81aae7695eaee4e876d145aa3cb1a575f4
300,126,101,crj_c0bdc5e495ad9629aa7ba21c,crjp_7ff6de44571ba071fcaa05ce,c0bdc5e495ad9629aa7ba21cb74553fdad9415542e43bcfde003042579a3bfcf,baseline,squad,41,mistral,78348a4a786434fbf5aa42e1179f7c81aae7695eaee4e876d145aa3cb1a575f4
300,127,301,crj_bca248214805f577b2014212,crjp_7ff6de44571ba071fcaa05ce,bca248214805f577b2014212c4c9bd636245dce8aa7894ffd79388235e6f2c7e,hcpc_v1,squad,41,mistral,78348a4a786434fbf5aa42e1179f7c81aae7695eaee4e876d145aa3cb1a575f4
300,128,501,crj_13416924e07caf28ad1eee80,crjp_7ff6de44571ba071fcaa05ce,13416924e07caf28ad1eee808d0dabef6f65cfb629606f1fb39f0dce30bb9145,hcpc_v2,squad,41,mistral,78348a4a786434fbf5aa42e1179f7c81aae7695eaee4e876d145aa3cb1a575f4
300,129,39,crj_3ba62d4f62cc4a20753a5d74,crjp_a527b21df981318ad5d6a690,3ba62d4f62cc4a20753a5d7448543b8046804e9acc645fdbf6746183577aaa3a,baseline,squad,41,mistral,78348a4a786434fbf5aa42e1179f7c81aae7695eaee4e876d145aa3cb1a575f4
300,130,239,crj_824bc7e10b16fb8ee7f4505b,crjp_a527b21df981318ad5d6a690,824bc7e10b16fb8ee7f4505bd4c253be55c40514f5cb9b03e2346f07f8530477,hcpc_v1,squad,41,mistral,78348a4a786434fbf5aa42e1179f7c81aae7695eaee4e876d145aa3cb1a575f4
300,131,439,crj_f366a1809aa9604bcd0621a5,crjp_a527b21df981318ad5d6a690,f366a1809aa9604bcd0621a5f1dec629dffc824b5796d6ebe54a2fe14c651d64,hcpc_v2,squad,41,mistral,78348a4a786434fbf5aa42e1179f7c81aae7695eaee4e876d145aa3cb1a575f4
300,132,118,crj_cd7cfe60b8c5bca869d2a614,crjp_bb2f0b47e57cb4aae1da1e2d,cd7cfe60b8c5bca869d2a614edd23b84655b59a509a671b5d509aff8b16a3d65,baseline,squad,41,mistral,78348a4a786434fbf5aa42e1179f7c81aae7695eaee4e876d145aa3cb1a575f4
300,133,318,crj_89d53d1271f282fdad9c930f,crjp_bb2f0b47e57cb4aae1da1e2d,89d53d1271f282fdad9c930f888352ebd47c8d48b267a38307637df7c2f394da,hcpc_v1,squad,41,mistral,78348a4a786434fbf5aa42e1179f7c81aae7695eaee4e876d145aa3cb1a575f4
300,134,518,crj_1181a5b7658a9b7a1a2f4586,crjp_bb2f0b47e57cb4aae1da1e2d,1181a5b7658a9b7a1a2f4586271b2cf75b531a15d53c99c7016b06695512bb68,hcpc_v2,squad,41,mistral,78348a4a786434fbf5aa42e1179f7c81aae7695eaee4e876d145aa3cb1a575f4
300,135,29,crj_5350dd1bca03983599ccaa16,crjp_5b9f212d314c89b6a1c1135e,5350dd1bca03983599ccaa16b1465ea8468cb647259c44ffa09be3e8dfe2b8c2,baseline,squad,41,mistral,78348a4a786434fbf5aa42e1179f7c81aae7695eaee4e876d145aa3cb1a575f4
300,136,229,crj_431ef96cd18e6551d9bab26a,crjp_5b9f212d314c89b6a1c1135e,431ef96cd18e6551d9bab26a4f25b0aa5782ed5169f88da3654c3d626e5e62b4,hcpc_v1,squad,41,mistral,78348a4a786434fbf5aa42e1179f7c81aae7695eaee4e876d145aa3cb1a575f4
300,137,429,crj_fa05451f79275ac0e56fd1aa,crjp_5b9f212d314c89b6a1c1135e,fa05451f79275ac0e56fd1aa406bb230ad05d298627b3dff082db7b2fe65e733,hcpc_v2,squad,41,mistral,78348a4a786434fbf5aa42e1179f7c81aae7695eaee4e876d145aa3cb1a575f4
300,138,113,crj_9f7a3d517116cc9e5b1861c4,crjp_ed853fc455bdb892b8fc5a35,9f7a3d517116cc9e5b1861c4bb9ecc80f07c0f42394ffb0c30c9176a010bc03e,baseline,squad,41,mistral,78348a4a786434fbf5aa42e1179f7c81aae7695eaee4e876d145aa3cb1a575f4
300,139,313,crj_dfd6b1351c9e66488ab78d99,crjp_ed853fc455bdb892b8fc5a35,dfd6b1351c9e66488ab78d99f7cc5aa19b628d86950b00dee71c4fa82fc05d36,hcpc_v1,squad,41,mistral,78348a4a786434fbf5aa42e1179f7c81aae7695eaee4e876d145aa3cb1a575f4
300,140,513,crj_b5319138fad890c1598460f7,crjp_ed853fc455bdb892b8fc5a35,b5319138fad890c1598460f7465f7507fad786ff4fd0dba3580bb5512f9ae902,hcpc_v2,squad,41,mistral,78348a4a786434fbf5aa42e1179f7c81aae7695eaee4e876d145aa3cb1a575f4
300,141,30,crj_ba02e9192f0c5c5960a7eb4f,crjp_5ee80d1698f465e96a5b3022,ba02e9192f0c5c5960a7eb4fe62ef653646b84d5791e1a01b5d0e174b62f32dd,baseline,squad,41,mistral,78348a4a786434fbf5aa42e1179f7c81aae7695eaee4e876d145aa3cb1a575f4
300,142,230,crj_22ae21bb8839737f47a0424b,crjp_5ee80d1698f465e96a5b3022,22ae21bb8839737f47a0424b2a1a2e02d7353b291980d7e4a3e0bf8ff4ae7f31,hcpc_v1,squad,41,mistral,78348a4a786434fbf5aa42e1179f7c81aae7695eaee4e876d145aa3cb1a575f4
300,143,430,crj_e0bc4ea0af7a25202f71ddd5,crjp_5ee80d1698f465e96a5b3022,e0bc4ea0af7a25202f71ddd59484d136f324abd497f43088a619be3f379930ff,hcpc_v2,squad,41,mistral,78348a4a786434fbf5aa42e1179f7c81aae7695eaee4e876d145aa3cb1a575f4
300,144,85,crj_14aad2978fec21e84e645469,crjp_9c0336bbc2796994bc1411d6,14aad2978fec21e84e64546953f635087a8cf2221038bfe969af42e4ecfba6e6,baseline,squad,41,mistral,78348a4a786434fbf5aa42e1179f7c81aae7695eaee4e876d145aa3cb1a575f4
300,145,285,crj_3df8fc493a5b47d449267e89,crjp_9c0336bbc2796994bc1411d6,3df8fc493a5b47d449267e898c507e7e47568913d7ac73072ac9e62026da1502,hcpc_v1,squad,41,mistral,78348a4a786434fbf5aa42e1179f7c81aae7695eaee4e876d145aa3cb1a575f4
300,146,485,crj_ec0d53e300973b1d9f59e9bb,crjp_9c0336bbc2796994bc1411d6,ec0d53e300973b1d9f59e9bbb8e15c62d6ba34c951deb845b034819a4910f2bb,hcpc_v2,squad,41,mistral,78348a4a786434fbf5aa42e1179f7c81aae7695eaee4e876d145aa3cb1a575f4
300,147,45,crj_ffb3f6594e48b2c508b74f44,crjp_098b913156d9cf9e8d156d3f,ffb3f6594e48b2c508b74f44047e03430df29bcea7d7e97f3123d3b438fb1bd6,baseline,squad,41,mistral,78348a4a786434fbf5aa42e1179f7c81aae7695eaee4e876d145aa3cb1a575f4
300,148,245,crj_49ee56e445b4946acf5c8ef8,crjp_098b913156d9cf9e8d156d3f,49ee56e445b4946acf5c8ef8c922a88bcad35e8b3a2da5f106147a2be4400ac4,hcpc_v1,squad,41,mistral,78348a4a786434fbf5aa42e1179f7c81aae7695eaee4e876d145aa3cb1a575f4
300,149,445,crj_e6dbdb541e301ccbfa0f0544,crjp_098b913156d9cf9e8d156d3f,e6dbdb541e301ccbfa0f0544b025c7dbc5473a87948a5bae3822855f0d538ef1,hcpc_v2,squad,41,mistral,78348a4a786434fbf5aa42e1179f7c81aae7695eaee4e876d145aa3cb1a575f4
300,150,182,crj_4e83aa7f7b66d93cd0d82a9b,crjp_6083bac7df1d39c525e984ea,4e83aa7f7b66d93cd0d82a9b2d6b8719273786fc3eecacbeda899ce2d0b9487f,baseline,squad,41,mistral,78348a4a786434fbf5aa42e1179f7c81aae7695eaee4e876d145aa3cb1a575f4
300,151,382,crj_42d04bd4518aff4f05c40302,crjp_6083bac7df1d39c525e984ea,42d04bd4518aff4f05c40302cc562e807381fad3cc0eab95c2ebe44751500105,hcpc_v1,squad,41,mistral,78348a4a786434fbf5aa42e1179f7c81aae7695eaee4e876d145aa3cb1a575f4
300,152,582,crj_34041a107734fa91c73237b3,crjp_6083bac7df1d39c525e984ea,34041a107734fa91c73237b33e3a520f2c8c36501edd2629c4ac83496f2b0d41,hcpc_v2,squad,41,mistral,78348a4a786434fbf5aa42e1179f7c81aae7695eaee4e876d145aa3cb1a575f4
300,153,149,crj_6b84af84a0c70d09bceecc36,crjp_d76a10e37cbdb09203e3e4f4,6b84af84a0c70d09bceecc367063f5b588aedc5d3dcb874e995fc73592a09adb,baseline,squad,41,mistral,78348a4a786434fbf5aa42e1179f7c81aae7695eaee4e876d145aa3cb1a575f4
300,154,349,crj_d01469fbecc8fd50df0da75e,crjp_d76a10e37cbdb09203e3e4f4,d01469fbecc8fd50df0da75e49a52e762cdaca4cd2c30c5a351ddbf799df7fde,hcpc_v1,squad,41,mistral,78348a4a786434fbf5aa42e1179f7c81aae7695eaee4e876d145aa3cb1a575f4
300,155,549,crj_501afa42826ee9d0b0d4818a,crjp_d76a10e37cbdb09203e3e4f4,501afa42826ee9d0b0d4818a930b2db5d8e075f0d2953b8a5444c4f583c0caa0,hcpc_v2,squad,41,mistral,78348a4a786434fbf5aa42e1179f7c81aae7695eaee4e876d145aa3cb1a575f4
300,156,152,crj_3a7d6131873799eadbe34640,crjp_4960e25e5b913b7ba998a807,3a7d6131873799eadbe34640f5975a6fce3b38ef82ca6bd422137626f0de4f6c,baseline,squad,41,mistral,78348a4a786434fbf5aa42e1179f7c81aae7695eaee4e876d145aa3cb1a575f4
300,157,352,crj_33b7f10fe14a2d0cf61d2ebe,crjp_4960e25e5b913b7ba998a807,33b7f10fe14a2d0cf61d2ebee99b6738a32cb339a205c10e28996f2079a90609,hcpc_v1,squad,41,mistral,78348a4a786434fbf5aa42e1179f7c81aae7695eaee4e876d145aa3cb1a575f4
300,158,552,crj_4ea3a479055b31b7ae439c52,crjp_4960e25e5b913b7ba998a807,4ea3a479055b31b7ae439c5229929d42708947192cd69f9bba193295f0541c02,hcpc_v2,squad,41,mistral,78348a4a786434fbf5aa42e1179f7c81aae7695eaee4e876d145aa3cb1a575f4
300,159,94,crj_74e943cfb01a9d8037d4dde2,crjp_182954aba02badc6f61188a6,74e943cfb01a9d8037d4dde2d0e665c94d8957a93ce277c0840132bf190765bd,baseline,squad,41,mistral,78348a4a786434fbf5aa42e1179f7c81aae7695eaee4e876d145aa3cb1a575f4
300,160,294,crj_6c58d14e049f0c8f956d5c92,crjp_182954aba02badc6f61188a6,6c58d14e049f0c8f956d5c92b457405f1369fa7ab2ae7065863ecd46ff5bf50d,hcpc_v1,squad,41,mistral,78348a4a786434fbf5aa42e1179f7c81aae7695eaee4e876d145aa3cb1a575f4
300,161,494,crj_b7ff1a73d518638692a46ba4,crjp_182954aba02badc6f61188a6,b7ff1a73d518638692a46ba465d5d2ba8201eddcbca0c0b82d0dabde6d217fea,hcpc_v2,squad,41,mistral,78348a4a786434fbf5aa42e1179f7c81aae7695eaee4e876d145aa3cb1a575f4
300,162,24,crj_9855f17578a667409d885de1,crjp_ff9073203548c823da4ea07c,9855f17578a667409d885de1b574a25a60cf9df9db44d12d3f202f5f3ccaf0f0,baseline,squad,41,mistral,78348a4a786434fbf5aa42e1179f7c81aae7695eaee4e876d145aa3cb1a575f4
300,163,224,crj_f2df97826241d8d1a14aaefa,crjp_ff9073203548c823da4ea07c,f2df97826241d8d1a14aaefae2a19cc25d4d8747c4348ff5526193a6f24d3d97,hcpc_v1,squad,41,mistral,78348a4a786434fbf5aa42e1179f7c81aae7695eaee4e876d145aa3cb1a575f4
300,164,424,crj_7e9ee80f97e25b1bbb473639,crjp_ff9073203548c823da4ea07c,7e9ee80f97e25b1bbb473639d2147859bb7994b08d45d3c6df594ac413fadd44,hcpc_v2,squad,41,mistral,78348a4a786434fbf5aa42e1179f7c81aae7695eaee4e876d145aa3cb1a575f4
300,165,114,crj_c2f24a9895a126b2598ca8dc,crjp_27f7338ea89e3f1384639615,c2f24a9895a126b2598ca8dcf09e1f2f98402c81858dcd6f2e3d58894fd7f1bb,baseline,squad,41,mistral,78348a4a786434fbf5aa42e1179f7c81aae7695eaee4e876d145aa3cb1a575f4
300,166,314,crj_6e8ffae7f19f833d89058c87,crjp_27f7338ea89e3f1384639615,6e8ffae7f19f833d89058c87462a9b348c09bab71846f25cbbd274cd43304624,hcpc_v1,squad,41,mistral,78348a4a786434fbf5aa42e1179f7c81aae7695eaee4e876d145aa3cb1a575f4
300,167,514,crj_600e4400f8fcf4088a3496e5,crjp_27f7338ea89e3f1384639615,600e4400f8fcf4088a3496e504705dacdd36609349e2bad61fa953644ba5b7ec,hcpc_v2,squad,41,mistral,78348a4a786434fbf5aa42e1179f7c81aae7695eaee4e876d145aa3cb1a575f4
300,168,93,crj_d00aa6e47e732e800978237d,crjp_619c1bad56f824c258843628,d00aa6e47e732e800978237d46263a6b06d45978e4d1ebd867853fff8479ca5e,baseline,squad,41,mistral,78348a4a786434fbf5aa42e1179f7c81aae7695eaee4e876d145aa3cb1a575f4
300,169,293,crj_ef2a6776d9ee162caf65ef16,crjp_619c1bad56f824c258843628,ef2a6776d9ee162caf65ef16bd667c1b5cf46daafdb73996eb55fe65841cc421,hcpc_v1,squad,41,mistral,78348a4a786434fbf5aa42e1179f7c81aae7695eaee4e876d145aa3cb1a575f4
300,170,493,crj_6e4a6ced7c12eeb262e8e88a,crjp_619c1bad56f824c258843628,6e4a6ced7c12eeb262e8e88ad881fd743073a2453b4f0bc67840adf1b1ce930b,hcpc_v2,squad,41,mistral,78348a4a786434fbf5aa42e1179f7c81aae7695eaee4e876d145aa3cb1a575f4
300,171,83,crj_91962710f5b55ad691b01246,crjp_31795071060c38951bbd7912,91962710f5b55ad691b012466be8f11e3540df19f96f8da71dfd02d6366dafad,baseline,squad,41,mistral,78348a4a786434fbf5aa42e1179f7c81aae7695eaee4e876d145aa3cb1a575f4
300,172,283,crj_c46b943e7aeac79274e82085,crjp_31795071060c38951bbd7912,c46b943e7aeac79274e82085a99f71f2e7cef3cc55b81a99d21d943487d4bc94,hcpc_v1,squad,41,mistral,78348a4a786434fbf5aa42e1179f7c81aae7695eaee4e876d145aa3cb1a575f4
300,173,483,crj_e90db3cc886f297c05b129b5,crjp_31795071060c38951bbd7912,e90db3cc886f297c05b129b5ad7bad687ceb748046baf82ef94fc864289329ad,hcpc_v2,squad,41,mistral,78348a4a786434fbf5aa42e1179f7c81aae7695eaee4e876d145aa3cb1a575f4
300,174,36,crj_fdb83d8c8cc2fc1b50ce7c49,crjp_ceabf0be9ce1c06d69424311,fdb83d8c8cc2fc1b50ce7c493e3f15740292014b5069dcf98721ceceb1858cc9,baseline,squad,41,mistral,78348a4a786434fbf5aa42e1179f7c81aae7695eaee4e876d145aa3cb1a575f4
300,175,236,crj_475c073208b1a514a2ba0935,crjp_ceabf0be9ce1c06d69424311,475c073208b1a514a2ba09352f4dd902874d541a428f447f36523007ad725894,hcpc_v1,squad,41,mistral,78348a4a786434fbf5aa42e1179f7c81aae7695eaee4e876d145aa3cb1a575f4
300,176,436,crj_2b2a383d0c97dd420ef91243,crjp_ceabf0be9ce1c06d69424311,2b2a383d0c97dd420ef91243582aa88f431ccab5dbf2c9aaeac0386b7ecf43aa,hcpc_v2,squad,41,mistral,78348a4a786434fbf5aa42e1179f7c81aae7695eaee4e876d145aa3cb1a575f4
300,177,110,crj_21c0ee198cb1cbd5fa8f452f,crjp_2c0d77e9245b15f19076a3e3,21c0ee198cb1cbd5fa8f452f7269b3d21d0be46a99a91e78874f9900deebe4f4,baseline,squad,41,mistral,78348a4a786434fbf5aa42e1179f7c81aae7695eaee4e876d145aa3cb1a575f4
300,178,310,crj_3e3f2924c0edb41ad245e586,crjp_2c0d77e9245b15f19076a3e3,3e3f2924c0edb41ad245e586b059b990dcd05c12885b28041e77a53e59d9b722,hcpc_v1,squad,41,mistral,78348a4a786434fbf5aa42e1179f7c81aae7695eaee4e876d145aa3cb1a575f4
300,179,510,crj_73d15414ee2abd24aa460817,crjp_2c0d77e9245b15f19076a3e3,73d15414ee2abd24aa46081775870af5fda4e86f6fb94be78ff99bde512558e1,hcpc_v2,squad,41,mistral,78348a4a786434fbf5aa42e1179f7c81aae7695eaee4e876d145aa3cb1a575f4
300,180,25,crj_f95e4ab0305228d293da8fbd,crjp_59c980867ab9f6aa1d9c3c57,f95e4ab0305228d293da8fbd44b04ce1cfd36619aa710b07c5b120d0c26a9311,baseline,squad,41,mistral,78348a4a786434fbf5aa42e1179f7c81aae7695eaee4e876d145aa3cb1a575f4
300,181,225,crj_587b50df3f3676b1e6d5c33f,crjp_59c980867ab9f6aa1d9c3c57,587b50df3f3676b1e6d5c33fd5975f064ab2cf11d488763df9b30727354e30cf,hcpc_v1,squad,41,mistral,78348a4a786434fbf5aa42e1179f7c81aae7695eaee4e876d145aa3cb1a575f4
300,182,425,crj_26efe615165724ca0521c787,crjp_59c980867ab9f6aa1d9c3c57,26efe615165724ca0521c787dd9be2bc34b60d8dfd7d766240415592a8d8a50c,hcpc_v2,squad,41,mistral,78348a4a786434fbf5aa42e1179f7c81aae7695eaee4e876d145aa3cb1a575f4
300,183,136,crj_487462edd480f5cfbf02e39f,crjp_ffe69e7f43bd7b9860542509,487462edd480f5cfbf02e39ffae2acefee9457a9540acaa9ef6c748f512427c5,baseline,squad,41,mistral,78348a4a786434fbf5aa42e1179f7c81aae7695eaee4e876d145aa3cb1a575f4
300,184,336,crj_921c05b4ace1aca210ed17cb,crjp_ffe69e7f43bd7b9860542509,921c05b4ace1aca210ed17cb6db4206e54b0ef43bb698d8b1115b4b24c70e9ca,hcpc_v1,squad,41,mistral,78348a4a786434fbf5aa42e1179f7c81aae7695eaee4e876d145aa3cb1a575f4
300,185,536,crj_02d74855eaae4a4f07d99695,crjp_ffe69e7f43bd7b9860542509,02d74855eaae4a4f07d99695e7c01e94c02ceb3bdd653912328960d4802d8ac1,hcpc_v2,squad,41,mistral,78348a4a786434fbf5aa42e1179f7c81aae7695eaee4e876d145aa3cb1a575f4
300,186,78,crj_e0a9708cb805c81de1095a46,crjp_864c415fd52a2171600cacd6,e0a9708cb805c81de1095a4680a5f3bdca14e12b3e020047131ad40b44323fc4,baseline,squad,41,mistral,78348a4a786434fbf5aa42e1179f7c81aae7695eaee4e876d145aa3cb1a575f4
300,187,278,crj_bbb80bee3232a33c4785fd0b,crjp_864c415fd52a2171600cacd6,bbb80bee3232a33c4785fd0bc1eb51a9d1bbeaf1b8eabafb533f57fd2ce51591,hcpc_v1,squad,41,mistral,78348a4a786434fbf5aa42e1179f7c81aae7695eaee4e876d145aa3cb1a575f4
300,188,478,crj_87f24731d8dcb61f95e695b2,crjp_864c415fd52a2171600cacd6,87f24731d8dcb61f95e695b21eb15c63e99f0135d7c1ea69a0a06474e77499db,hcpc_v2,squad,41,mistral,78348a4a786434fbf5aa42e1179f7c81aae7695eaee4e876d145aa3cb1a575f4
300,189,75,crj_e59dc61a5c922e18bb8f3d80,crjp_b8db6b04fc9bd88fcdfa9af6,e59dc61a5c922e18bb8f3d80fb708ed672445988bd18ffb60648256f5fb31ff4,baseline,squad,41,mistral,78348a4a786434fbf5aa42e1179f7c81aae7695eaee4e876d145aa3cb1a575f4
300,190,275,crj_00b90b86910e1dc38d82fca6,crjp_b8db6b04fc9bd88fcdfa9af6,00b90b86910e1dc38d82fca6c920d659d505057fb10c28457be11631849b0f2b,hcpc_v1,squad,41,mistral,78348a4a786434fbf5aa42e1179f7c81aae7695eaee4e876d145aa3cb1a575f4
300,191,475,crj_0a83a6d3b2fdae6856e22864,crjp_b8db6b04fc9bd88fcdfa9af6,0a83a6d3b2fdae6856e22864143f4d2507ed1cf290087979cf75a6a61c86f78b,hcpc_v2,squad,41,mistral,78348a4a786434fbf5aa42e1179f7c81aae7695eaee4e876d145aa3cb1a575f4
300,192,8,crj_b7d47877c5b4cb7f4f1268cc,crjp_e31281cb05b8ef25f253d5b6,b7d47877c5b4cb7f4f1268cc587f2580832321072b37748e6d63cd6b8926775f,baseline,squad,41,mistral,78348a4a786434fbf5aa42e1179f7c81aae7695eaee4e876d145aa3cb1a575f4
300,193,208,crj_da2bc5133f3c5b6e569b0c8a,crjp_e31281cb05b8ef25f253d5b6,da2bc5133f3c5b6e569b0c8a5f1b5d335aaf125ec9c5e16c35a704e9e8277198,hcpc_v1,squad,41,mistral,78348a4a786434fbf5aa42e1179f7c81aae7695eaee4e876d145aa3cb1a575f4
300,194,408,crj_84e7678bcf6a6e2a3a6733e3,crjp_e31281cb05b8ef25f253d5b6,84e7678bcf6a6e2a3a6733e3835d2c8e3a321995432268d4b7115c718a8395d0,hcpc_v2,squad,41,mistral,78348a4a786434fbf5aa42e1179f7c81aae7695eaee4e876d145aa3cb1a575f4
300,195,53,crj_f2e597064ab6ad7a0662894c,crjp_00733991f7fd15c11cac9804,f2e597064ab6ad7a0662894c69f394c0a32137c73fa867e039e6e1fd473fc731,baseline,squad,41,mistral,78348a4a786434fbf5aa42e1179f7c81aae7695eaee4e876d145aa3cb1a575f4
300,196,253,crj_77a6ef605dfb4d42371122a4,crjp_00733991f7fd15c11cac9804,77a6ef605dfb4d42371122a4cb44ad7015d92e8c301318db8b1aafd04226d557,hcpc_v1,squad,41,mistral,78348a4a786434fbf5aa42e1179f7c81aae7695eaee4e876d145aa3cb1a575f4
300,197,453,crj_571db4cf29dc91857e364f2b,crjp_00733991f7fd15c11cac9804,571db4cf29dc91857e364f2b34d0e4d4d00d3373c0f16961a46643c836ecfd54,hcpc_v2,squad,41,mistral,78348a4a786434fbf5aa42e1179f7c81aae7695eaee4e876d145aa3cb1a575f4
300,198,88,crj_2b0e16ba58331c027b818257,crjp_ec322bad09af5d24eff8c7dd,2b0e16ba58331c027b818257ad2c16ea1b0cb544cb1adacc6c06a30eca98e551,baseline,squad,41,mistral,78348a4a786434fbf5aa42e1179f7c81aae7695eaee4e876d145aa3cb1a575f4
300,199,288,crj_e084a2c11e913f1444ff1234,crjp_ec322bad09af5d24eff8c7dd,e084a2c11e913f1444ff12344bc1c891cb421d0a5808a204045bd282b34675d1,hcpc_v1,squad,41,mistral,78348a4a786434fbf5aa42e1179f7c81aae7695eaee4e876d145aa3cb1a575f4
300,200,488,crj_5b083e213412f2b349c5a99a,crjp_ec322bad09af5d24eff8c7dd,5b083e213412f2b349c5a99ab3ebcd6dae44408f45ce3e5914fe00af26f745b9,hcpc_v2,squad,41,mistral,78348a4a786434fbf5aa42e1179f7c81aae7695eaee4e876d145aa3cb1a575f4
300,201,162,crj_b256cef344b37a7cf9731fb8,crjp_e2b48281527fdafbc24ee98b,b256cef344b37a7cf9731fb80a84a58acc1e51b5586cbdaa42f280d99d19497d,baseline,squad,41,mistral,78348a4a786434fbf5aa42e1179f7c81aae7695eaee4e876d145aa3cb1a575f4
300,202,362,crj_b0e802539176fc24744ea875,crjp_e2b48281527fdafbc24ee98b,b0e802539176fc24744ea875ccba742329fd62f4fb0f22897a4a0e6a374c17a6,hcpc_v1,squad,41,mistral,78348a4a786434fbf5aa42e1179f7c81aae7695eaee4e876d145aa3cb1a575f4
300,203,562,crj_9979348aea57e9f52b6b6296,crjp_e2b48281527fdafbc24ee98b,9979348aea57e9f52b6b6296723172cae748815e2bf2c2b7154f4e5e16ea9a1f,hcpc_v2,squad,41,mistral,78348a4a786434fbf5aa42e1179f7c81aae7695eaee4e876d145aa3cb1a575f4
300,204,97,crj_9c48d559d038f03dea979928,crjp_9e727b40460a34d91faf680c,9c48d559d038f03dea979928ccdba3198d96bb1a6f8e0c9140d580b21d1c24c1,baseline,squad,41,mistral,78348a4a786434fbf5aa42e1179f7c81aae7695eaee4e876d145aa3cb1a575f4
300,205,297,crj_c6d44a3f3ca7275d4525c190,crjp_9e727b40460a34d91faf680c,c6d44a3f3ca7275d4525c190b0ccd9e3d94eb3078e9a1d186908b9c5bd6708f9,hcpc_v1,squad,41,mistral,78348a4a786434fbf5aa42e1179f7c81aae7695eaee4e876d145aa3cb1a575f4
300,206,497,crj_e7c110c88048d06b9df19d1d,crjp_9e727b40460a34d91faf680c,e7c110c88048d06b9df19d1d982be9e584a63472da80464d35d150e90aac3818,hcpc_v2,squad,41,mistral,78348a4a786434fbf5aa42e1179f7c81aae7695eaee4e876d145aa3cb1a575f4
300,207,190,crj_15ade5fc042446ece8149cc5,crjp_b704d59d9619318d4f61e5e5,15ade5fc042446ece8149cc52c83d06f37cd68eb17920aee0f70926037cb4f56,baseline,squad,41,mistral,78348a4a786434fbf5aa42e1179f7c81aae7695eaee4e876d145aa3cb1a575f4
300,208,390,crj_a03c1cfa33b7bd7b1e71b6f9,crjp_b704d59d9619318d4f61e5e5,a03c1cfa33b7bd7b1e71b6f9b5b47427796bb74a242238c87f70c2024b34078a,hcpc_v1,squad,41,mistral,78348a4a786434fbf5aa42e1179f7c81aae7695eaee4e876d145aa3cb1a575f4
300,209,590,crj_9d1b7d7575c0ec9aac2546d8,crjp_b704d59d9619318d4f61e5e5,9d1b7d7575c0ec9aac2546d8bd568f4e6ef2ea41a14deea8a64f0fd585a8a610,hcpc_v2,squad,41,mistral,78348a4a786434fbf5aa42e1179f7c81aae7695eaee4e876d145aa3cb1a575f4
300,210,112,crj_b966b14bf5b689903c703358,crjp_a384ba1668d578f6186546e5,b966b14bf5b689903c70335804e79ce2f733be3a06caec7a43191764f23e4a76,baseline,squad,41,mistral,78348a4a786434fbf5aa42e1179f7c81aae7695eaee4e876d145aa3cb1a575f4
300,211,312,crj_e084590e962affae5b677b90,crjp_a384ba1668d578f6186546e5,e084590e962affae5b677b90a11567fd264eaf78ebd5e6c87423fbab8127100e,hcpc_v1,squad,41,mistral,78348a4a786434fbf5aa42e1179f7c81aae7695eaee4e876d145aa3cb1a575f4
300,212,512,crj_81d10739ee35f6b18bd23fc4,crjp_a384ba1668d578f6186546e5,81d10739ee35f6b18bd23fc41d6bd031b97f292d92ad8a3d1b67cd308eab6298,hcpc_v2,squad,41,mistral,78348a4a786434fbf5aa42e1179f7c81aae7695eaee4e876d145aa3cb1a575f4
300,213,194,crj_852956c9bba6ca88e99ac8cd,crjp_96396e8bef9d25d8dac10e40,852956c9bba6ca88e99ac8cd5d1af0b156c8195869462e35723e0bcd0dfa92b9,baseline,squad,41,mistral,78348a4a786434fbf5aa42e1179f7c81aae7695eaee4e876d145aa3cb1a575f4
300,214,394,crj_2be3b382e466e0dea17f2e76,crjp_96396e8bef9d25d8dac10e40,2be3b382e466e0dea17f2e7604195c7da4833b4d2c9da85544be34cb28a65691,hcpc_v1,squad,41,mistral,78348a4a786434fbf5aa42e1179f7c81aae7695eaee4e876d145aa3cb1a575f4
300,215,594,crj_16fde6481d398b9c4594d4a1,crjp_96396e8bef9d25d8dac10e40,16fde6481d398b9c4594d4a1e4a1027ee6ed97017cacb0f3e185d33a2bde1c5a,hcpc_v2,squad,41,mistral,78348a4a786434fbf5aa42e1179f7c81aae7695eaee4e876d145aa3cb1a575f4
300,216,154,crj_9ce91e06daea9ec012a7291c,crjp_04b67a0a8e4152c46cbc17e8,9ce91e06daea9ec012a7291c680a30a90625eff520d08d25f16b55747a014d9d,baseline,squad,41,mistral,78348a4a786434fbf5aa42e1179f7c81aae7695eaee4e876d145aa3cb1a575f4
300,217,354,crj_f5cf72cdd48f8b01fe911f22,crjp_04b67a0a8e4152c46cbc17e8,f5cf72cdd48f8b01fe911f22406793463d112d92d4d527a7b31a3343ae1ec1d0,hcpc_v1,squad,41,mistral,78348a4a786434fbf5aa42e1179f7c81aae7695eaee4e876d145aa3cb1a575f4
300,218,554,crj_4692187ce05b7ed49db619c2,crjp_04b67a0a8e4152c46cbc17e8,4692187ce05b7ed49db619c204c8fd16479cdd844e1505e4c100646e611e6fdd,hcpc_v2,squad,41,mistral,78348a4a786434fbf5aa42e1179f7c81aae7695eaee4e876d145aa3cb1a575f4
300,219,58,crj_e07d3852b4eaecedd8531ad1,crjp_691ae32d35f0c7e4cf60b9f1,e07d3852b4eaecedd8531ad11a0839d74502d3d18728422dece233e07367068d,baseline,squad,41,mistral,78348a4a786434fbf5aa42e1179f7c81aae7695eaee4e876d145aa3cb1a575f4
300,220,258,crj_a6ae37f85beb73608d089c71,crjp_691ae32d35f0c7e4cf60b9f1,a6ae37f85beb73608d089c710d07f7d50ec8979b04f046757d8e294f3aedf2db,hcpc_v1,squad,41,mistral,78348a4a786434fbf5aa42e1179f7c81aae7695eaee4e876d145aa3cb1a575f4
300,221,458,crj_59efccf970ad4e3a46566eaa,crjp_691ae32d35f0c7e4cf60b9f1,59efccf970ad4e3a46566eaa8c05e44e1155d529712315f00a5734433f87d64e,hcpc_v2,squad,41,mistral,78348a4a786434fbf5aa42e1179f7c81aae7695eaee4e876d145aa3cb1a575f4
300,222,115,crj_150e55cd26925603b895fbcc,crjp_9a5875c629f301f2423c4eaa,150e55cd26925603b895fbcc1ef27d6b816dafd836564a2e8e65ac1bd61ebb8f,baseline,squad,41,mistral,78348a4a786434fbf5aa42e1179f7c81aae7695eaee4e876d145aa3cb1a575f4
300,223,315,crj_22715e703fba36d172f6928d,crjp_9a5875c629f301f2423c4eaa,22715e703fba36d172f6928d4d1c302c78be8f092b9b03c28ed4b515b24bc9a8,hcpc_v1,squad,41,mistral,78348a4a786434fbf5aa42e1179f7c81aae7695eaee4e876d145aa3cb1a575f4
300,224,515,crj_04fcf4c6f1ea9f4236568c79,crjp_9a5875c629f301f2423c4eaa,04fcf4c6f1ea9f4236568c79d5527dd5c82adbe8180946480c49992a68b740f2,hcpc_v2,squad,41,mistral,78348a4a786434fbf5aa42e1179f7c81aae7695eaee4e876d145aa3cb1a575f4
300,225,35,crj_1ffc6333e3817309e053ed00,crjp_2c8fd264abc442dcca978c34,1ffc6333e3817309e053ed006db06f05abd017d598e04ae474ee4872623f0eb2,baseline,squad,41,mistral,78348a4a786434fbf5aa42e1179f7c81aae7695eaee4e876d145aa3cb1a575f4
300,226,235,crj_ed2e266ad6451dd9948987f7,crjp_2c8fd264abc442dcca978c34,ed2e266ad6451dd9948987f7a67a5ea06fbfdb386c154939221f6d91591ed3ce,hcpc_v1,squad,41,mistral,78348a4a786434fbf5aa42e1179f7c81aae7695eaee4e876d145aa3cb1a575f4
300,227,435,crj_a79a5e6470541c61c90bacd6,crjp_2c8fd264abc442dcca978c34,a79a5e6470541c61c90bacd693790ccb53cf41af5fab159aa40d228143e44087,hcpc_v2,squad,41,mistral,78348a4a786434fbf5aa42e1179f7c81aae7695eaee4e876d145aa3cb1a575f4
300,228,90,crj_f1f4036fcee1a19769e49c76,crjp_02bde1ae9db1c6d4f9b5ce82,f1f4036fcee1a19769e49c76c07676be9883400c3da63129449443ac3a731a58,baseline,squad,41,mistral,78348a4a786434fbf5aa42e1179f7c81aae7695eaee4e876d145aa3cb1a575f4
300,229,290,crj_de7a7cabf1af5bdd325f8d60,crjp_02bde1ae9db1c6d4f9b5ce82,de7a7cabf1af5bdd325f8d601fde5fd55777df05a35577487a20635c9690ef0d,hcpc_v1,squad,41,mistral,78348a4a786434fbf5aa42e1179f7c81aae7695eaee4e876d145aa3cb1a575f4
300,230,490,crj_af6c84bd9e1f10c8d23637d3,crjp_02bde1ae9db1c6d4f9b5ce82,af6c84bd9e1f10c8d23637d3fa37db32688328a5b12c3d8bee6f65ba539ff4b1,hcpc_v2,squad,41,mistral,78348a4a786434fbf5aa42e1179f7c81aae7695eaee4e876d145aa3cb1a575f4
300,231,13,crj_2e923738c497962a3153893e,crjp_e550979df3fd43d60f90fd48,2e923738c497962a3153893e219bfd6260c260bfdfffd9ceb55e83e5e25a3383,baseline,squad,41,mistral,78348a4a786434fbf5aa42e1179f7c81aae7695eaee4e876d145aa3cb1a575f4
300,232,213,crj_b1b88cf2d71bf4f6f0777f28,crjp_e550979df3fd43d60f90fd48,b1b88cf2d71bf4f6f0777f28cb9496a65c04dcba5f8d6e707fb4cb96efe85470,hcpc_v1,squad,41,mistral,78348a4a786434fbf5aa42e1179f7c81aae7695eaee4e876d145aa3cb1a575f4
300,233,413,crj_381c8203477e6b957b85dc2c,crjp_e550979df3fd43d60f90fd48,381c8203477e6b957b85dc2ce24bcef97ac5da55907e155b5cd3e2a4f28aff61,hcpc_v2,squad,41,mistral,78348a4a786434fbf5aa42e1179f7c81aae7695eaee4e876d145aa3cb1a575f4
300,234,146,crj_0a7d5f5269b1cf126f546443,crjp_6b7e96dca5144d7e827fed14,0a7d5f5269b1cf126f54644375f3a1252dacc3247c5356021713e4407e514e6b,baseline,squad,41,mistral,78348a4a786434fbf5aa42e1179f7c81aae7695eaee4e876d145aa3cb1a575f4
300,235,346,crj_bf829a603afce9a72e0b4f10,crjp_6b7e96dca5144d7e827fed14,bf829a603afce9a72e0b4f101f777e12cd64e0f57c2dc827cd1651928e60f9f2,hcpc_v1,squad,41,mistral,78348a4a786434fbf5aa42e1179f7c81aae7695eaee4e876d145aa3cb1a575f4
300,236,546,crj_335e7d358d771ab33feef4fe,crjp_6b7e96dca5144d7e827fed14,335e7d358d771ab33feef4fe5528dd5e6fe8d35e2566f4ef433db09c13514aac,hcpc_v2,squad,41,mistral,78348a4a786434fbf5aa42e1179f7c81aae7695eaee4e876d145aa3cb1a575f4
300,237,100,crj_97ce0704ded0b74d4c5a7c41,crjp_c1c279661fa8e242c7aeb196,97ce0704ded0b74d4c5a7c41f4d1eb58bc679fb49292abd5a37171693aa49163,baseline,squad,41,mistral,78348a4a786434fbf5aa42e1179f7c81aae7695eaee4e876d145aa3cb1a575f4
300,238,300,crj_15b0c5ce2bd5da00ca436912,crjp_c1c279661fa8e242c7aeb196,15b0c5ce2bd5da00ca43691295501afbc69bd55a301dc0405876fb317e3cd64d,hcpc_v1,squad,41,mistral,78348a4a786434fbf5aa42e1179f7c81aae7695eaee4e876d145aa3cb1a575f4
300,239,500,crj_9f5fc977e184a119ba99d18d,crjp_c1c279661fa8e242c7aeb196,9f5fc977e184a119ba99d18d7e49568f1747cf2b579bf5f9af7346ac44c916d5,hcpc_v2,squad,41,mistral,78348a4a786434fbf5aa42e1179f7c81aae7695eaee4e876d145aa3cb1a575f4
300,240,173,crj_8db29c658d6153c75bee0847,crjp_186dd06956b8699b124940ab,8db29c658d6153c75bee0847f5fe83f7633e917139ab331b7713493267391fb9,baseline,squad,41,mistral,78348a4a786434fbf5aa42e1179f7c81aae7695eaee4e876d145aa3cb1a575f4
300,241,373,crj_67f90be4e52563c13a6285e8,crjp_186dd06956b8699b124940ab,67f90be4e52563c13a6285e8a5773a4b22505d8baa367844ba5a9d34ed432fff,hcpc_v1,squad,41,mistral,78348a4a786434fbf5aa42e1179f7c81aae7695eaee4e876d145aa3cb1a575f4
300,242,573,crj_17973dcef2be30d7948f891f,crjp_186dd06956b8699b124940ab,17973dcef2be30d7948f891fd4da5cdc25c510c6d2c3604dba27abee46c5e98f,hcpc_v2,squad,41,mistral,78348a4a786434fbf5aa42e1179f7c81aae7695eaee4e876d145aa3cb1a575f4
300,243,177,crj_544f54020e09399f5b3e33ae,crjp_25ebadaab471f70bedc10cca,544f54020e09399f5b3e33ae658095fbb35605d89911d764d861eb0cc7ee5aae,baseline,squad,41,mistral,78348a4a786434fbf5aa42e1179f7c81aae7695eaee4e876d145aa3cb1a575f4
300,244,377,crj_1e4d57c2d947e47c5def982d,crjp_25ebadaab471f70bedc10cca,1e4d57c2d947e47c5def982d89fc3fad039bb2f82dcebd54a36e43d0d88499b5,hcpc_v1,squad,41,mistral,78348a4a786434fbf5aa42e1179f7c81aae7695eaee4e876d145aa3cb1a575f4
300,245,577,crj_ed46ef5e0e577f70254dea51,crjp_25ebadaab471f70bedc10cca,ed46ef5e0e577f70254dea512d752d3929b7a32d70edadd62d0c8f611dce9742,hcpc_v2,squad,41,mistral,78348a4a786434fbf5aa42e1179f7c81aae7695eaee4e876d145aa3cb1a575f4
300,246,164,crj_f8e23d25e0af76ebbb616462,crjp_b987182ce915aa84e6f64b5f,f8e23d25e0af76ebbb616462983cd7444a33672dbeda7f000e2fdfe29c79b56d,baseline,squad,41,mistral,78348a4a786434fbf5aa42e1179f7c81aae7695eaee4e876d145aa3cb1a575f4
300,247,364,crj_b3d93cc465df2201500b4cee,crjp_b987182ce915aa84e6f64b5f,b3d93cc465df2201500b4cee9c0070260463f2ea6c4c2141bd225623043f87f5,hcpc_v1,squad,41,mistral,78348a4a786434fbf5aa42e1179f7c81aae7695eaee4e876d145aa3cb1a575f4
300,248,564,crj_308ff009b69c8027b0028838,crjp_b987182ce915aa84e6f64b5f,308ff009b69c8027b0028838b0070602127b8f21d488e42486ddc2585621e349,hcpc_v2,squad,41,mistral,78348a4a786434fbf5aa42e1179f7c81aae7695eaee4e876d145aa3cb1a575f4
300,249,143,crj_a7e8db1d79218c5384cdcfa9,crjp_b438ecea2ab1f7c6582d4b67,a7e8db1d79218c5384cdcfa9962b05a5b64a88f7e97573c9093fd867b8b3f6aa,baseline,squad,41,mistral,78348a4a786434fbf5aa42e1179f7c81aae7695eaee4e876d145aa3cb1a575f4
300,250,343,crj_5daffe79d4082b7f12a4480f,crjp_b438ecea2ab1f7c6582d4b67,5daffe79d4082b7f12a4480f214991928a01dde1cd8624cb726d6412b1870829,hcpc_v1,squad,41,mistral,78348a4a786434fbf5aa42e1179f7c81aae7695eaee4e876d145aa3cb1a575f4
300,251,543,crj_831cd04a4515e36252e76af1,crjp_b438ecea2ab1f7c6582d4b67,831cd04a4515e36252e76af1abf5ebe96ef4ea3eddc7947c2ef76fb8c001aa5b,hcpc_v2,squad,41,mistral,78348a4a786434fbf5aa42e1179f7c81aae7695eaee4e876d145aa3cb1a575f4
300,252,11,crj_90dac620ca3766abca5fb738,crjp_3434c9f9640d2de74914a580,90dac620ca3766abca5fb738441a626876286eb48695979bd1934ed73ce83939,baseline,squad,41,mistral,78348a4a786434fbf5aa42e1179f7c81aae7695eaee4e876d145aa3cb1a575f4
300,253,211,crj_7ef48a06e2787bb78c1475a4,crjp_3434c9f9640d2de74914a580,7ef48a06e2787bb78c1475a49bdeeef7493684c75371177dc3699b8dab217835,hcpc_v1,squad,41,mistral,78348a4a786434fbf5aa42e1179f7c81aae7695eaee4e876d145aa3cb1a575f4
300,254,411,crj_375b2fd81bdb612c60215883,crjp_3434c9f9640d2de74914a580,375b2fd81bdb612c602158838cbd80cccaa4f6ccd5ac8f104e07f16747a74be0,hcpc_v2,squad,41,mistral,78348a4a786434fbf5aa42e1179f7c81aae7695eaee4e876d145aa3cb1a575f4
300,255,186,crj_42e9b5fcb863292b0c9554c0,crjp_2a47458f72044010451338f8,42e9b5fcb863292b0c9554c0a15f7127d7fa9ec65f098d415e5642b993e2e86c,baseline,squad,41,mistral,78348a4a786434fbf5aa42e1179f7c81aae7695eaee4e876d145aa3cb1a575f4
300,256,386,crj_81d227396722d01b7d1afaee,crjp_2a47458f72044010451338f8,81d227396722d01b7d1afaee04b9d6133a2f7b696f4ed8678aa472bc82bdc919,hcpc_v1,squad,41,mistral,78348a4a786434fbf5aa42e1179f7c81aae7695eaee4e876d145aa3cb1a575f4
300,257,586,crj_5a8014659b3382651dcdc9af,crjp_2a47458f72044010451338f8,5a8014659b3382651dcdc9af8ec6aebe9db72520f10713f87a2d567ce402ed0c,hcpc_v2,squad,41,mistral,78348a4a786434fbf5aa42e1179f7c81aae7695eaee4e876d145aa3cb1a575f4
300,258,170,crj_ad739cca2016b34135cf9bd5,crjp_46f12f4f2b1cbf6069df7a3b,ad739cca2016b34135cf9bd5e3d74941d407ece5fdc3dfe46b865dee7880892c,baseline,squad,41,mistral,78348a4a786434fbf5aa42e1179f7c81aae7695eaee4e876d145aa3cb1a575f4
300,259,370,crj_f47ba10b364c800a66798761,crjp_46f12f4f2b1cbf6069df7a3b,f47ba10b364c800a66798761df8f8030f282e68257768db785e322d80cc28609,hcpc_v1,squad,41,mistral,78348a4a786434fbf5aa42e1179f7c81aae7695eaee4e876d145aa3cb1a575f4
300,260,570,crj_5715aea183d75c9c21b00ea9,crjp_46f12f4f2b1cbf6069df7a3b,5715aea183d75c9c21b00ea9adc16f8e6937d5ca46e979f6ea79ff63ba41f3d5,hcpc_v2,squad,41,mistral,78348a4a786434fbf5aa42e1179f7c81aae7695eaee4e876d145aa3cb1a575f4
300,261,7,crj_87adc91fdfdd596c94a19d48,crjp_e39f67080fb016b42e46ac0b,87adc91fdfdd596c94a19d484fd4f5ee9eea07a340053f344129113f347598f2,baseline,squad,41,mistral,78348a4a786434fbf5aa42e1179f7c81aae7695eaee4e876d145aa3cb1a575f4
300,262,207,crj_01b64659b1b5e6c1bc0cef44,crjp_e39f67080fb016b42e46ac0b,01b64659b1b5e6c1bc0cef4488f1f7ee7471d53a8b9c8a05fa8e075c4ad0276d,hcpc_v1,squad,41,mistral,78348a4a786434fbf5aa42e1179f7c81aae7695eaee4e876d145aa3cb1a575f4
300,263,407,crj_c7f8ae252f1904fc59de65fb,crjp_e39f67080fb016b42e46ac0b,c7f8ae252f1904fc59de65fbc9005563c1aafaaada89957410c0f9c1d67fd8d8,hcpc_v2,squad,41,mistral,78348a4a786434fbf5aa42e1179f7c81aae7695eaee4e876d145aa3cb1a575f4
300,264,37,crj_6a1ff45e22355b249bc71b19,crjp_19ebcc405970c7ede276b189,6a1ff45e22355b249bc71b197f8ccf96b1b6b42e2af7dc64035afbfe50b6f726,baseline,squad,41,mistral,78348a4a786434fbf5aa42e1179f7c81aae7695eaee4e876d145aa3cb1a575f4
300,265,237,crj_0240e6579070e6dc78363616,crjp_19ebcc405970c7ede276b189,0240e6579070e6dc783636167b796399a4855d81660f3c73e98d17b718eca808,hcpc_v1,squad,41,mistral,78348a4a786434fbf5aa42e1179f7c81aae7695eaee4e876d145aa3cb1a575f4
300,266,437,crj_76662d108da7e05f1eb1da20,crjp_19ebcc405970c7ede276b189,76662d108da7e05f1eb1da20f4a52f4ba42cb1a768c3864ec3bf96bfb9b7b9e6,hcpc_v2,squad,41,mistral,78348a4a786434fbf5aa42e1179f7c81aae7695eaee4e876d145aa3cb1a575f4
300,267,55,crj_ebe3a1705483df553f5e2b25,crjp_fdcc81b08c557d0c9857c0c7,ebe3a1705483df553f5e2b25913ea7141e5bc1d02a8237e06ba0fd6cab77b44a,baseline,squad,41,mistral,78348a4a786434fbf5aa42e1179f7c81aae7695eaee4e876d145aa3cb1a575f4
300,268,255,crj_47ff7a247189629b43f3b5ac,crjp_fdcc81b08c557d0c9857c0c7,47ff7a247189629b43f3b5ac28ae8e075573f76d15a120d4fbdc9cbac152a473,hcpc_v1,squad,41,mistral,78348a4a786434fbf5aa42e1179f7c81aae7695eaee4e876d145aa3cb1a575f4
300,269,455,crj_73615e568c0f9709d40b92b8,crjp_fdcc81b08c557d0c9857c0c7,73615e568c0f9709d40b92b8d24e5ffa63705c9af392154929cb81831f9922e7,hcpc_v2,squad,41,mistral,78348a4a786434fbf5aa42e1179f7c81aae7695eaee4e876d145aa3cb1a575f4
300,270,192,crj_315f6fd742b2bfbbc8991663,crjp_ba98aa4f0c3d8fe60f755b36,315f6fd742b2bfbbc8991663cb0ff14bdcbed6a6d6d55bea44f545c01a60a440,baseline,squad,41,mistral,78348a4a786434fbf5aa42e1179f7c81aae7695eaee4e876d145aa3cb1a575f4
300,271,392,crj_05e1274a06dd49268f9a4483,crjp_ba98aa4f0c3d8fe60f755b36,05e1274a06dd49268f9a4483d2f7a5e551fc16d13c069d3a45d0d96a8c56ea7a,hcpc_v1,squad,41,mistral,78348a4a786434fbf5aa42e1179f7c81aae7695eaee4e876d145aa3cb1a575f4
300,272,592,crj_2eef806f9081a31827062b0d,crjp_ba98aa4f0c3d8fe60f755b36,2eef806f9081a31827062b0d934fb2e34ca99254a24980a092348df598cc2a48,hcpc_v2,squad,41,mistral,78348a4a786434fbf5aa42e1179f7c81aae7695eaee4e876d145aa3cb1a575f4
300,273,161,crj_05f020598bb7a4ebfc83dd09,crjp_6d760eda93eb8cc3d2ab8e50,05f020598bb7a4ebfc83dd09f068b2442308cde024bf23b4c1ca4dc4c3620213,baseline,squad,41,mistral,78348a4a786434fbf5aa42e1179f7c81aae7695eaee4e876d145aa3cb1a575f4
300,274,361,crj_a58ec3f64c126a117e472f5a,crjp_6d760eda93eb8cc3d2ab8e50,a58ec3f64c126a117e472f5a7692a086dca005f8c34d4fc881e27b31aa5393ec,hcpc_v1,squad,41,mistral,78348a4a786434fbf5aa42e1179f7c81aae7695eaee4e876d145aa3cb1a575f4
300,275,561,crj_a15598c3cc754d65631b02e3,crjp_6d760eda93eb8cc3d2ab8e50,a15598c3cc754d65631b02e3e526d51cc9bcf7db8c13f5b5282a0bfbae651e79,hcpc_v2,squad,41,mistral,78348a4a786434fbf5aa42e1179f7c81aae7695eaee4e876d145aa3cb1a575f4
300,276,19,crj_c0da7404420282317d4ff9cb,crjp_b7dcc87247dc4af6d1761030,c0da7404420282317d4ff9cbdb06b06d2b94963d0a8bf6cc326ed065915a2797,baseline,squad,41,mistral,78348a4a786434fbf5aa42e1179f7c81aae7695eaee4e876d145aa3cb1a575f4
300,277,219,crj_3b2ada8ba0d9765a7f397a32,crjp_b7dcc87247dc4af6d1761030,3b2ada8ba0d9765a7f397a32d30bda1d06afd0c7f669d9a950fec986f2106210,hcpc_v1,squad,41,mistral,78348a4a786434fbf5aa42e1179f7c81aae7695eaee4e876d145aa3cb1a575f4
300,278,419,crj_74c58d621cc6e78232dc7dfd,crjp_b7dcc87247dc4af6d1761030,74c58d621cc6e78232dc7dfd380ff5cd91c25c1bab37930552a24f1f44c050f0,hcpc_v2,squad,41,mistral,78348a4a786434fbf5aa42e1179f7c81aae7695eaee4e876d145aa3cb1a575f4
300,279,144,crj_20586375d8c2917129d53713,crjp_27581b194e6b85cd2896c4b6,20586375d8c2917129d5371375808d7814f80e616e3d36137c40bc767927a4ec,baseline,squad,41,mistral,78348a4a786434fbf5aa42e1179f7c81aae7695eaee4e876d145aa3cb1a575f4
300,280,344,crj_016940f028ac7a22f684ab1c,crjp_27581b194e6b85cd2896c4b6,016940f028ac7a22f684ab1c01b140b7b78977f93b3f9c6be38bd2b3e70be822,hcpc_v1,squad,41,mistral,78348a4a786434fbf5aa42e1179f7c81aae7695eaee4e876d145aa3cb1a575f4
300,281,544,crj_028bf4978dd6b3ed7aa333de,crjp_27581b194e6b85cd2896c4b6,028bf4978dd6b3ed7aa333de4fcca10c004db28bc3c06252d2876462d2f3f020,hcpc_v2,squad,41,mistral,78348a4a786434fbf5aa42e1179f7c81aae7695eaee4e876d145aa3cb1a575f4
300,282,156,crj_26f601c053fc208a733d0e42,crjp_b8085dff03d3c8550b528d06,26f601c053fc208a733d0e42481d405f07b1f702cf92efce368b2b4592c12c3b,baseline,squad,41,mistral,78348a4a786434fbf5aa42e1179f7c81aae7695eaee4e876d145aa3cb1a575f4
300,283,356,crj_399a4a76081270ad58a086b9,crjp_b8085dff03d3c8550b528d06,399a4a76081270ad58a086b9ea81b04799559593e87451394cd3775491114aac,hcpc_v1,squad,41,mistral,78348a4a786434fbf5aa42e1179f7c81aae7695eaee4e876d145aa3cb1a575f4
300,284,556,crj_d25f36ddd1a80a7e27c5c8d7,crjp_b8085dff03d3c8550b528d06,d25f36ddd1a80a7e27c5c8d78293472d28b7091121a449a10729288e8c7aea36,hcpc_v2,squad,41,mistral,78348a4a786434fbf5aa42e1179f7c81aae7695eaee4e876d145aa3cb1a575f4
300,285,74,crj_6617601336149cfb504ea04f,crjp_d043e7effb13cf9e70f56a88,6617601336149cfb504ea04f40dd6602c3fa295d7b0652a32cbedb627c945460,baseline,squad,41,mistral,78348a4a786434fbf5aa42e1179f7c81aae7695eaee4e876d145aa3cb1a575f4
300,286,274,crj_665c1bbba8e5ba029b391c17,crjp_d043e7effb13cf9e70f56a88,665c1bbba8e5ba029b391c17fc70e3567de2ea7f133721b5be2ae674fe9d00ca,hcpc_v1,squad,41,mistral,78348a4a786434fbf5aa42e1179f7c81aae7695eaee4e876d145aa3cb1a575f4
300,287,474,crj_c16a97588ae80b8190203e5c,crjp_d043e7effb13cf9e70f56a88,c16a97588ae80b8190203e5cb6ee6cd31e002f8f35d745ae5c6310f170cef9f3,hcpc_v2,squad,41,mistral,78348a4a786434fbf5aa42e1179f7c81aae7695eaee4e876d145aa3cb1a575f4
300,288,124,crj_d3ac6ad1a1b15b3b3e6201f8,crjp_0384f75034991f28d67223d6,d3ac6ad1a1b15b3b3e6201f8a79445d1e2e1315208162e9d9e8a8ffb6e35631b,baseline,squad,41,mistral,78348a4a786434fbf5aa42e1179f7c81aae7695eaee4e876d145aa3cb1a575f4
300,289,324,crj_01a6486288e3fa4f1d401ceb,crjp_0384f75034991f28d67223d6,01a6486288e3fa4f1d401ceb181bd16ec9dccba0fd9515ac68906914a7a78d61,hcpc_v1,squad,41,mistral,78348a4a786434fbf5aa42e1179f7c81aae7695eaee4e876d145aa3cb1a575f4
300,290,524,crj_1c65cf11017f1896b50a901a,crjp_0384f75034991f28d67223d6,1c65cf11017f1896b50a901a0073f3d8870fdf375f3c1538b715e8472f8d0090,hcpc_v2,squad,41,mistral,78348a4a786434fbf5aa42e1179f7c81aae7695eaee4e876d145aa3cb1a575f4
300,291,102,crj_3035201bbd7b0aae8606acc1,crjp_7d2342903b397ee35b08a8bc,3035201bbd7b0aae8606acc172fa3a5f0223f6cc587d7f637aba25e2eed4c881,baseline,squad,41,mistral,78348a4a786434fbf5aa42e1179f7c81aae7695eaee4e876d145aa3cb1a575f4
300,292,302,crj_77713cc77704ba0cef36d208,crjp_7d2342903b397ee35b08a8bc,77713cc77704ba0cef36d208597042ecab0667b241c531b871d653454bcc8ef6,hcpc_v1,squad,41,mistral,78348a4a786434fbf5aa42e1179f7c81aae7695eaee4e876d145aa3cb1a575f4
300,293,502,crj_0cbcee43ddb63e9c5ccc5ed0,crjp_7d2342903b397ee35b08a8bc,0cbcee43ddb63e9c5ccc5ed08d0ad1699dcab8a585783fd2c7a1a56804541735,hcpc_v2,squad,41,mistral,78348a4a786434fbf5aa42e1179f7c81aae7695eaee4e876d145aa3cb1a575f4
300,294,3,crj_8733e0316cd92137fa628627,crjp_20a286c9aac71586fec92f95,8733e0316cd92137fa628627c5287457af8ae5e4ce2950b34fa62f28e81ffa67,baseline,squad,41,mistral,78348a4a786434fbf5aa42e1179f7c81aae7695eaee4e876d145aa3cb1a575f4
300,295,203,crj_964f63f34afba419ac2670b0,crjp_20a286c9aac71586fec92f95,964f63f34afba419ac2670b0c7395433158a4dec47bf37deee2c0c9152b2f7b0,hcpc_v1,squad,41,mistral,78348a4a786434fbf5aa42e1179f7c81aae7695eaee4e876d145aa3cb1a575f4
300,296,403,crj_3cb637e0b60b3b0d565e593d,crjp_20a286c9aac71586fec92f95,3cb637e0b60b3b0d565e593db93487abd12784d8e15c7466f315969817b4ad8f,hcpc_v2,squad,41,mistral,78348a4a786434fbf5aa42e1179f7c81aae7695eaee4e876d145aa3cb1a575f4
300,297,6,crj_40757408196d55291d1bae11,crjp_bdb9c5cdb5b6b4751eec7a7c,40757408196d55291d1bae1170e412547e01ef6d6fa457f62df0c776a9f29d57,baseline,squad,41,mistral,78348a4a786434fbf5aa42e1179f7c81aae7695eaee4e876d145aa3cb1a575f4
300,298,206,crj_ecf8d720c602dc5d8ee74716,crjp_bdb9c5cdb5b6b4751eec7a7c,ecf8d720c602dc5d8ee747169b5bfb7f64f5918b92a52371d7f392f74882fc67,hcpc_v1,squad,41,mistral,78348a4a786434fbf5aa42e1179f7c81aae7695eaee4e876d145aa3cb1a575f4
300,299,406,crj_f669ad2cf4bc2363eb20ae41,crjp_bdb9c5cdb5b6b4751eec7a7c,f669ad2cf4bc2363eb20ae4154ce7793a3cbd45320cc5e1f464f00013ff949e3,hcpc_v2,squad,41,mistral,78348a4a786434fbf5aa42e1179f7c81aae7695eaee4e876d145aa3cb1a575f4
