question,ground_truth,condition,answer,context,faith_deberta,is_hallucination,mean_retrieval_similarity,refined,ccs,latency_s,dataset,seed,model,backend,faith_second_nli,second_nli_label,faith_ragas,ragas_reason,faith_deberta_ctx,faith_roberta_mnli_ctx
Whose saying about purgatory did Martin Luther object to?,Johann Tetzel,baseline," Martin Luther objected to the saying attributed to Johann Tetzel that ""As soon as the coin in the coffer rings, the soul from purgatory (also attested as 'into heaven') springs.""","Luther objected to a saying attributed to Johann Tetzel that ""As soon as the coin in the coffer rings, the soul from purgatory (also attested as 'into heaven') springs.""

---

In contrast to the views of John Calvin and Philipp Melanchthon, throughout his life Luther maintained that it was not false doctrine to believe that a Christian's soul sleeps after it is separated from the body in death; and, accordingly, he disputed traditional interpretations of some Bible passages, such as the parable of the rich man and Lazarus. This also led Luther to reject the idea of torments for the saints: ""It is enough for us to know that souls do not leave their bodies to be threatened by the torments and punishments of hell, but enter a prepared bedchamber in which they sleep in peace."" He also rejected the existence of Purgatory, which involved Christian souls undergoing penitential suffering after death. He affirmed the continuity of one's personal identity beyond death. In his Smalcald Articles, he described the saints as currently residing ""in their graves and in heaven.""

---

Luther dedicated himself to the Augustinian order, devoting himself to fasting, long hours in prayer, pilgrimage, and frequent confession. Luther described this period of his life as one of deep spiritual despair. He said, ""I lost touch with Christ the Savior and Comforter, and made of him the jailer and hangman of my poor soul."" Johann von Staupitz, his superior, pointed Luther's mind away from continual reflection upon his sins toward the merits of Christ. He taught that true repentance does not involve self-inflicted penances and punishments but rather a change of heart.",0.4197,True,0.6623,False,-1.0,87.016,squad,41,mistral,ollama,0.1745,hallucinated,1.0,The answer directly quotes the context which states that Luther objected to a saying attributed to Johann Tetzel about purgatory.,0.04657556116580963,0.2855658531188965
Whose saying about purgatory did Martin Luther object to?,Johann Tetzel,hcpc_v1, Martin Luther objected to a saying attributed to Johann Tetzel.,"Luther objected to a saying attributed to Johann Tetzel that ""As soon as the coin in the coffer rings, the soul from purgatory (also attested as 'into heaven') springs.""

---

. This also led Luther to reject the idea of torments for the saints: ""It is enough for us to know that souls do not leave their bodies to be threatened by the torments and punishments of hell, but enter a prepared bedchamber in which they sleep in peace.""

---

. He said, ""I lost touch with Christ the Savior and Comforter, and made of him the jailer and hangman of my poor soul."" Johann von Staupitz, his superior, pointed Luther's mind away from continual reflection upon his sins toward the merits of Christ",0.6266,False,0.6918,False,-1.0,0.55,squad,41,mistral,ollama,0.216,hallucinated,1.0,The answer directly matches the context which states that Luther objected to a saying attributed to Johann Tetzel.,0.9947866201400757,0.8127285838127136
Whose saying about purgatory did Martin Luther object to?,Johann Tetzel,hcpc_v2," Martin Luther objected to the saying attributed to Johann Tetzel that ""As soon as the coin in the coffer rings, the soul from purgatory (also attested as 'into heaven') springs.""","Luther objected to a saying attributed to Johann Tetzel that ""As soon as the coin in the coffer rings, the soul from purgatory (also attested as 'into heaven') springs.""

---

In contrast to the views of John Calvin and Philipp Melanchthon, throughout his life Luther maintained that it was not false doctrine to believe that a Christian's soul sleeps after it is separated from the body in death; and, accordingly, he disputed traditional interpretations of some Bible passages, such as the parable of the rich man and Lazarus. This also led Luther to reject the idea of torments for the saints: ""It is enough for us to know that souls do not leave their bodies to be threatened by the torments and punishments of hell, but enter a prepared bedchamber in which they sleep in peace."" He also rejected the existence of Purgatory, which involved Christian souls undergoing penitential suffering after death. He affirmed the continuity of one's personal identity beyond death. In his Smalcald Articles, he described the saints as currently residing ""in their graves and in heaven.""

---

Luther dedicated himself to the Augustinian order, devoting himself to fasting, long hours in prayer, pilgrimage, and frequent confession. Luther described this period of his life as one of deep spiritual despair . He said, ""I lost touch with Christ the Savior and Comforter, and made of him the jailer and hangman of my poor soul."" Johann von Staupitz, his superior, pointed Luther's mind away from continual reflection upon his sins toward the merits of Christ . He taught that true repentance does not involve self-inflicted penances and punishments but rather a change of heart.",0.4197,True,0.66,True,0.5736,1.487,squad,41,mistral,ollama,0.1745,hallucinated,1.0,The answer directly quotes the context which states that Luther objected to a saying attributed to Johann Tetzel about purgatory.,0.08205892145633698,0.3011761009693146
How may yards did Peyton Manning throw?,"2,249",baseline, 141 yards,". In week 10, Manning suffered a partial tear of the plantar fasciitis in his left foot. He set the NFL's all-time record for career passing yards in this game, but was benched after throwing four interceptions in favor of backup quarterback Brock Osweiler, who took over as the starter for most of the remainder of the regular season. Osweiler was injured, however, leading to Manning's return during the Week 17 regular season finale, where the Broncos were losing 13–7 against the 4–11 San Diego Chargers, resulting in Manning re-claiming the starting quarterback position for the playoffs by leading the team to a key 27–20 win that enabled the team to clinch the number one overall AFC seed. Under defensive coordinator Wade Phillips, the Broncos' defense ranked number one in total yards allowed, passing yards allowed and sacks, and like the previous three seasons, the team has continued to set numerous individual, league and franchise records

---

Manning finished the year with a career-low 67.9 passer rating, throwing for 2,249 yards and nine touchdowns, with 17 interceptions. In contrast, Osweiler threw for 1,967 yards, 10 touchdowns and six interceptions for a rating of 86.4. Veteran receiver Demaryius Thomas led the team with 105 receptions for 1,304 yards and six touchdowns, while Emmanuel Sanders caught 76 passes for 1,135 yards and six scores, while adding another 106 yards returning punts. Tight end Owen Daniels was also a big element of the passing game with 46 receptions for 517 yards. Running back C. J. Anderson was the team's leading rusher 863 yards and seven touchdowns, while also catching 25 passes for 183 yards. Running back Ronnie Hillman also made a big impact with 720 yards, five touchdowns, 24 receptions, and a 4.7 yards per carry average. Overall, the offense ranked 19th in scoring with 355 points and did not have any Pro Bowl selections.

---

Manning finished the game 13 of 23 for 141 yards with one interception and zero touchdowns. Sanders was his top receiver with six receptions for 83 yards. Anderson was the game's leading rusher with 90 yards and a touchdown, along with four receptions for 10 yards. Miller had six total tackles (five solo), 2½ sacks, and two forced fumbles. Ware had five total tackles and two sacks. Ward had seven total tackles, a fumble recovery, and an interception. McManus made all four of his field goals, making him perfect on all 11 attempts during the post-season. Newton completed 18 of 41 passes for 265 yards, with one interception. He was also the team's leading rusher with 45 yards on six carries. Brown caught four passes for 80 yards, while Ginn had four receptions for 74. Ealy was the top defensive performer for Carolina with four total tackles, three sacks, a forced fumble, a fumble recovery, and an interception. Defensive End Charles Johnson had four total tackles, a sack, and a forced fumble",1.0,False,0.5922,False,-1.0,0.928,squad,41,mistral,ollama,0.4038,hallucinated,0.75,"The answer '141 yards' is partially correct as it matches the factual claim about Peyton Manning throwing for 141 yards in the provided context. However, the question asks for 'How may yards did Peyton Manning throw for the entire season?' and the given context does not provide this information.",,
How may yards did Peyton Manning throw?,"2,249",hcpc_v1," The context states that in the specific game, Peyton Manning threw for 141 yards. However, it does not provide information about his total career passing yards or the number of yards he threw during the entire year. So, to answer your question specifically about this game, Peyton Manning threw 141 yards. But for the total yards thrown during the year, I cannot find this information in the provided context.",". He set the NFL's all-time record for career passing yards in this game, but was benched after throwing four interceptions in favor of backup quarterback Brock Osweiler, who took over as the starter for most of the remainder of the regular season

---

Manning finished the year with a career-low 67.9 passer rating, throwing for 2,249 yards and nine touchdowns, with 17 interceptions. In contrast, Osweiler threw for 1,967 yards, 10 touchdowns and six interceptions for a rating of 86.4

---

Manning finished the game 13 of 23 for 141 yards with one interception and zero touchdowns. Sanders was his top receiver with six receptions for 83 yards",0.802,False,0.6426,False,-1.0,2.532,squad,41,mistral,ollama,0.166,hallucinated,1.0,The answer directly supports the claim about the number of yards Peyton Manning threw in the specific game.,0.25823846550702,0.34343500691466033
How may yards did Peyton Manning throw?,"2,249",hcpc_v2, 141 yards,". In week 10, Manning suffered a partial tear of the plantar fasciitis in his left foot. He set the NFL's all-time record for career passing yards in this game, but was benched after throwing four interceptions in favor of backup quarterback Brock Osweiler, who took over as the starter for most of the remainder of the regular season. Osweiler was injured, however, leading to Manning's return during the Week 17 regular season finale, where the Broncos were losing 13–7 against the 4–11 San Diego Chargers, resulting in Manning re-claiming the starting quarterback position for the playoffs by leading the team to a key 27–20 win that enabled the team to clinch the number one overall AFC seed. Under defensive coordinator Wade Phillips, the Broncos' defense ranked number one in total yards allowed, passing yards allowed and sacks, and like the previous three seasons, the team has continued to set numerous individual, league and franchise records

---

Manning finished the year with a career-low 67.9 passer rating, throwing for 2,249 yards and nine touchdowns, with 17 interceptions. In contrast, Osweiler threw for 1,967 yards, 10 touchdowns and six interceptions for a rating of 86.4. Veteran receiver Demaryius Thomas led the team with 105 receptions for 1,304 yards and six touchdowns, while Emmanuel Sanders caught 76 passes for 1,135 yards and six scores, while adding another 106 yards returning punts. Tight end Owen Daniels was also a big element of the passing game with 46 receptions for 517 yards. Running back C. J. Anderson was the team's leading rusher 863 yards and seven touchdowns, while also catching 25 passes for 183 yards. Running back Ronnie Hillman also made a big impact with 720 yards, five touchdowns, 24 receptions, and a 4.7 yards per carry average. Overall, the offense ranked 19th in scoring with 355 points and did not have any Pro Bowl selections.

---

Manning finished the game 13 of 23 for 141 yards with one interception and zero touchdowns. Sanders was his top receiver with six receptions for 83 yards. Anderson was the game's leading rusher with 90 yards and a touchdown, along with four receptions for 10 yards. Miller had six total tackles (five solo), 2½ sacks, and two forced fumbles. Ware had five total tackles and two sacks. Ward had seven total tackles, a fumble recovery, and an interception. McManus made all four of his field goals, making him perfect on all 11 attempts during the post-season. Newton completed 18 of 41 passes for 265 yards, with one interception. He was also the team's leading rusher with 45 yards on six carries. Brown caught four passes for 80 yards, while Ginn had four receptions for 74. Ealy was the top defensive performer for Carolina with four total tackles, three sacks, a forced fumble, a fumble recovery, and an interception. Defensive End Charles Johnson had four total tackles, a sack, and a forced fumble",1.0,False,0.5922,False,0.6334,0.902,squad,41,mistral,ollama,0.4038,hallucinated,0.75,"The answer '141 yards' is partially correct as it matches the factual claim about Peyton Manning throwing for 141 yards in the given game. However, the question asks for the total number of yards thrown by Manning throughout the season, which is not directly supported by the provided context.",,
When did Tesla depart Graz?,1878,baseline, Tesla left Graz in December 1878.,"On 7 January 1900, Tesla left Colorado Springs.[citation needed] His lab was torn down in 1904, and its contents were sold two years later to satisfy a debt.

---

In December 1878, Tesla left Graz and severed all relations with his family to hide the fact that he dropped out of school. His friends thought that he had drowned in the Mur River. Tesla went to Maribor (now in Slovenia), where he worked as a draftsman for 60 florins a month. He spent his spare time playing cards with local men on the streets. In March 1879, Milutin Tesla went to Maribor to beg his son to return home, but Nikola refused. Nikola suffered a nervous breakdown at around the same time.

---

On 24 March 1879, Tesla was returned to Gospić under police guard for not having a residence permit. On 17 April 1879, Milutin Tesla died at the age of 60 after contracting an unspecified illness (although some sources say that he died of a stroke). During that year, Tesla taught a large class of students in his old school, Higher Real Gymnasium, in Gospić.",0.7292,False,0.6066,False,-1.0,0.681,squad,41,mistral,ollama,0.3469,hallucinated,1.0,The answer is directly supported by the context.,0.2094273865222931,0.06863589584827423
When did Tesla depart Graz?,1878,hcpc_v1, Tesla left Graz in December 1878.,"On 7 January 1900, Tesla left Colorado Springs.[citation needed] His lab was torn down in 1904, and its contents were sold two years later to satisfy a debt.

---

In December 1878, Tesla left Graz and severed all relations with his family to hide the fact that he dropped out of school. His friends thought that he had drowned in the Mur River

---

On 24 March 1879, Tesla was returned to Gospić under police guard for not having a residence permit. On 17 April 1879, Milutin Tesla died at the age of 60 after contracting an unspecified illness (although some sources say that he died of a stroke)",0.7292,False,0.6154,False,-1.0,0.472,squad,41,mistral,ollama,0.3469,hallucinated,1.0,The answer is directly supported by the context.,0.9977756142616272,0.25227463245391846
When did Tesla depart Graz?,1878,hcpc_v2, Tesla left Graz in December 1878.,"On 7 January 1900, Tesla left Colorado Springs.[citation needed] His lab was torn down in 1904, and its contents were sold two years later to satisfy a debt.

---

In December 1878, Tesla left Graz and severed all relations with his family to hide the fact that he dropped out of school. His friends thought that he had drowned in the Mur River. Tesla went to Maribor (now in Slovenia), where he worked as a draftsman for 60 florins a month. He spent his spare time playing cards with local men on the streets. In March 1879, Milutin Tesla went to Maribor to beg his son to return home, but Nikola refused. Nikola suffered a nervous breakdown at around the same time.

---

On 24 March 1879, Tesla was returned to Gospić under police guard for not having a residence permit. On 17 April 1879, Milutin Tesla died at the age of 60 after contracting an unspecified illness (although some sources say that he died of a stroke). During that year, Tesla taught a large class of students in his old school, Higher Real Gymnasium, in Gospić.",0.7292,False,0.6066,False,0.5397,0.585,squad,41,mistral,ollama,0.3469,hallucinated,1.0,The answer is directly supported by the context.,0.2094273865222931,0.06863589584827423
What clothing company was a Super Bowl sponsor?,Gap,baseline," The provided context does not mention any specific clothing company as a Super Bowl sponsor. However, it does list Gap among the sponsors that have contributed to the Super Bowl 50 Host Committee's fundraising efforts.","For the first time, the Super Bowl 50 Host Committee and the NFL have openly sought disabled veteran and lesbian, gay, bisexual and transgender-owned businesses in Business Connect, the Super Bowl program that provides local companies with contracting opportunities in and around the Super Bowl. The host committee has already raised over $40 million through sponsors including Apple, Google, Yahoo!, Intel, Gap, Chevron, and Dignity Health.

---

On May 21, 2013, NFL owners at their spring meetings in Boston voted and awarded the game to Levi's Stadium. The $1.2 billion stadium opened in 2014. It is the first Super Bowl held in the San Francisco Bay Area since Super Bowl XIX in 1985, and the first in California since Super Bowl XXXVII took place in San Diego in 2003.

---

Various gold-themed promotions and initiatives were held throughout the 2015 NFL season to tie into the ""Golden Super Bowl""; gold-tinted logos were implemented across the NFL's properties and painted on fields, the numbering of the 50-yard line on fields was colored gold, and beginning on week 7, all sideline jackets and hats featured gold-trimmed logos. Gold footballs were given to each high school that has had a player or coach appear in the Super Bowl, and ""homecoming"" events were also held by Super Bowl-winning teams at games.",0.7104,False,0.5663,False,-1.0,1.587,squad,41,mistral,ollama,0.3804,hallucinated,0.6,"The context mentions Gap as a contributor to the Super Bowl 50 Host Committee's fundraising efforts, but it does not explicitly state that they were a Super Bowl sponsor.",0.0002559821878094226,0.03356067789718509
What clothing company was a Super Bowl sponsor?,Gap,hcpc_v1, I cannot find this information in the provided context. The context does not mention any clothing company as a Super Bowl sponsor.,"companies with contracting opportunities in and around the Super Bowl

---

On May 21, 2013, NFL owners at their spring meetings in Boston voted and awarded the game to Levi's Stadium. The $1.2 billion stadium opened in 2014

---

Various gold-themed promotions and initiatives were held throughout the 2015 NFL season to tie into the ""Golden Super Bowl""; gold-tinted logos were implemented across the NFL's properties and painted on fields, the numbering of the 50-yard line on fields",0.7681,False,0.5477,False,-1.0,0.829,squad,41,mistral,ollama,0.1366,hallucinated,0.0,The answer is unsupported by the provided context as it does not mention any clothing company as a Super Bowl sponsor.,6.906695944053354e-06,0.020154091995209455
What clothing company was a Super Bowl sponsor?,Gap,hcpc_v2," The provided context does not mention any specific clothing company as a Super Bowl sponsor. However, it does list Gap among the sponsors that have contributed to the Super Bowl 50 Host Committee's fundraising efforts.","For the first time, the Super Bowl 50 Host Committee and the NFL have openly sought disabled veteran and lesbian, gay, bisexual and transgender-owned businesses in Business Connect, the Super Bowl program that provides local companies with contracting opportunities in and around the Super Bowl. The host committee has already raised over $40 million through sponsors including Apple, Google, Yahoo!, Intel, Gap, Chevron, and Dignity Health.

---

On May 21, 2013, NFL owners at their spring meetings in Boston voted and awarded the game to Levi's Stadium. The $1.2 billion stadium opened in 2014. It is the first Super Bowl held in the San Francisco Bay Area since Super Bowl XIX in 1985, and the first in California since Super Bowl XXXVII took place in San Diego in 2003.

---

Various gold-themed promotions and initiatives were held throughout the 2015 NFL season to tie into the ""Golden Super Bowl""; gold-tinted logos were implemented across the NFL's properties and painted on fields, the numbering of the 50-yard line on fields of the 50-yard line on fields was colored gold, and beginning on week 7, all sideline jackets and hats featured gold-trimmed logos . Gold footballs were given to each high school that has had a player or coach appear in the Super Bowl, and ""homecoming"" events were also held by Super Bowl-winning teams at games.",0.7104,False,0.5555,True,0.4108,1.581,squad,41,mistral,ollama,0.3804,hallucinated,0.6,"The context mentions Gap as a contributor to the Super Bowl 50 Host Committee's fundraising efforts, but it does not explicitly state that they were a Super Bowl sponsor.",0.00032228299096459523,0.02734973607584834
"Along with Dan Fouts, who served as a color analyst for the radio broadcast?",Boomer Esiason,baseline, Boomer Esiason served as a color analyst for the radio broadcast along with Dan Fouts.,"Westwood One will carry the game throughout North America, with Kevin Harlan as play-by-play announcer, Boomer Esiason and Dan Fouts as color analysts, and James Lofton and Mark Malone as sideline reporters. Jim Gray will anchor the pre-game and halftime coverage.

---

The flagship stations of each station in the markets of each team will carry their local play-by-play calls. In Denver, KOA (850 AM) and KRFX (103.5 FM) will carry the game, with Dave Logan on play-by-play and Ed McCaffrey on color commentary. In North Carolina, WBT (1110 AM) will carry the game, with Mick Mixon on play-by-play and Eugene Robinson and Jim Szoke on color commentary. WBT will also simulcast the game on its sister station WBT-FM (99.3 FM), which is based in Chester, South Carolina. As KOA and WBT are both clear-channel stations, the local broadcasts will be audible over much of the western United States after sunset (for Denver) and the eastern United States throughout the game (for Carolina). In accordance with contractual rules, the rest of the stations in the Broncos and Panthers radio networks will either carry the Westwood One feed or not carry the game at all.

---

As opposed to broadcasts of primetime series, CBS broadcast special episodes of its late night talk shows as its lead-out programs for Super Bowl 50, beginning with a special episode of The Late Show with Stephen Colbert following the game. Following a break for late local programming, CBS also aired a special episode of The Late Late Show with James Corden.",0.7234,False,0.3692,False,-1.0,0.969,squad,41,mistral,ollama,0.4498,hallucinated,1.0,The answer directly quotes the provided context that Boomer Esiason and Dan Fouts are both color analysts for the radio broadcast.,0.0011161542497575283,0.10279735922813416
"Along with Dan Fouts, who served as a color analyst for the radio broadcast?",Boomer Esiason,hcpc_v1, Boomer Esiason,"Westwood One will carry the game throughout North America, with Kevin Harlan as play-by-play announcer, Boomer Esiason and Dan Fouts as color analysts, and James Lofton and Mark Malone as sideline reporters

---

. In North Carolina, WBT (1110 AM) will carry the game, with Mick Mixon on play-by-play and Eugene Robinson and Jim Szoke on color commentary

---

. Following a break for late local programming, CBS also aired a special episode of The Late Late Show with James Corden.",0.4012,True,0.3734,False,-1.0,0.271,squad,41,mistral,ollama,0.3642,hallucinated,1.0,The answer 'Boomer Esiason' is directly supported by the context as he is listed as a color analyst for the radio broadcast.,0.0034729549661278725,0.2490226775407791
"Along with Dan Fouts, who served as a color analyst for the radio broadcast?",Boomer Esiason,hcpc_v2, Boomer Esiason served as a color analyst for the radio broadcast along with Dan Fouts.,"Westwood One will carry the game throughout North America, with Kevin Harlan as play-by-play announcer, Boomer Esiason and Dan Fouts as color analysts, and James Lofton and Mark Malone as sideline reporters. Jim Gray will anchor the pre-game and halftime coverage.

---

The flagship stations of each station in the markets of each team will carry their local play-by-play calls. In Denver, KOA (850 AM) and KRFX (103.5 FM) will carry the game, with Dave Logan on play-by-play and Ed McCaffrey on color commentary. In North Carolina, WBT (1110 AM) will carry the game, with Mick Mixon on play-by-play and Eugene Robinson and Jim Szoke on color commentary. WBT will also simulcast the game on its sister station WBT-FM (99.3 FM), which is based in Chester, South Carolina. As KOA and WBT are both clear-channel stations, the local broadcasts will be audible over much of the western United States after sunset (for Denver) and the eastern United States throughout the game (for Carolina). In accordance with contractual rules, the rest of the stations in the Broncos and Panthers radio networks will either carry the Westwood One feed or not carry the game at all.

---

As opposed to broadcasts of primetime series, CBS broadcast special episodes of its late night talk shows as its lead-out programs for Super Bowl 50, beginning with a special episode of The Late Show with Stephen Colbert following the game . Following a break for late local programming, CBS also aired a special episode of The Late Late Show with James Corden.",0.7234,False,0.3692,True,0.354,0.896,squad,41,mistral,ollama,0.4498,hallucinated,1.0,The answer directly quotes the context that Boomer Esiason and Dan Fouts are both color analysts for the radio broadcast.,0.002612027572467923,0.10732357949018478
Who was Alfred S brown?,a Western Union superintendent,baseline," Alfred S Brown was a superintendent at Western Union and, along with Charles F. Peck, agreed to back Nikola Tesla financially and handle his patents in 1887. They formed the Tesla Electric Company together.","In 1501, at the age of 19, he entered the University of Erfurt, which he later described as a beerhouse and whorehouse. He was made to wake at four every morning for what has been described as ""a day of rote learning and often wearying spiritual exercises."" He received his master's degree in 1505.

---

In late 1886 Tesla met Alfred S. Brown, a Western Union superintendent, and New York attorney Charles F. Peck. The two men were experienced in setting up companies and promoting inventions and patents for financial gain. Based on Tesla's patents and other ideas they agreed to back him financially and handle his patents. Together in April 1887 they formed the Tesla Electric Company with an agreement that profits from generated patents would go ⅓ to Tesla, ⅓ to Peck and Brown, and ⅓ to fund development. They set up a laboratory for Tesla at 89 Liberty Street in Manhattan where he worked on improving and developing new types of electric motors, generators and other devices.

---

According to scholars Walter Krämer, Götz Trenkler, Gerhard Ritter, and Gerhard Prause, the story of the posting on the door, even though it has settled as one of the pillars of history, has little foundation in truth. The story is based on comments made by Philipp Melanchthon, though it is thought that he was not in Wittenberg at the time.",0.6804,False,0.3713,False,-1.0,1.733,squad,41,mistral,ollama,0.3046,hallucinated,0.5,"The context does not provide information about Alfred S Brown's role as a superintendent at Western Union or his involvement with Nikola Tesla in 1887. However, it does mention that he was involved with Tesla financially and handled his patents.",0.03342862270073965,0.5858861605326334
Who was Alfred S brown?,a Western Union superintendent,hcpc_v1," Alfred S Brown is an individual who met Tesla in late 1886. He is described as a Western Union superintendent and a New York attorney, known for his experience in setting up companies and promoting inventions and patents for financial gain.","In 1501, at the age of 19, he entered the University of Erfurt, which he later described as a beerhouse and whorehouse

---

In late 1886 Tesla met Alfred S. Brown, a Western Union superintendent, and New York attorney Charles F. Peck. The two men were experienced in setting up companies and promoting inventions and patents for financial gain

---

. The story is based on comments made by Philipp Melanchthon, though it is thought that he was not in Wittenberg at the time.",0.4849,True,0.4054,False,-1.0,1.553,squad,41,mistral,ollama,0.2589,hallucinated,1.0,"The answer directly supports the question by providing information about Alfred S Brown's identity, occupation, and his association with Tesla.",0.9969919919967651,0.7736847102642059
Who was Alfred S brown?,a Western Union superintendent,hcpc_v2," Alfred S Brown was a superintendent at Western Union and, along with Charles F. Peck, agreed to back Nikola Tesla financially and handle his patents in 1887. They formed the Tesla Electric Company together.","In 1501, at the age of 19, he entered the University of Erfurt, which he later described as a beerhouse and whorehouse. He was made to wake at four every morning for what has been described as ""a day of rote learning and often wearying spiritual exercises."" He received his master's degree in 1505.

---

In late 1886 Tesla met Alfred S. Brown, a Western Union superintendent, and New York attorney Charles F. Peck. The two men were experienced in setting up companies and promoting inventions and patents for financial gain. Based on Tesla's patents and other ideas they agreed to back him financially and handle his patents. Together in April 1887 they formed the Tesla Electric Company with an agreement that profits from generated patents would go ⅓ to Tesla, ⅓ to Peck and Brown, and ⅓ to fund development. They set up a laboratory for Tesla at 89 Liberty Street in Manhattan where he worked on improving and developing new types of electric motors, generators and other devices.

---

According to scholars Walter Krämer, Götz Trenkler, Gerhard Ritter, and Gerhard Prause, the story of the posting on the door, even though it has settled as one of the pillars of history, has little foundation in truth . The story is based on comments made by Philipp Melanchthon, though it is thought that he was not in Wittenberg at the time.",0.6804,False,0.3713,True,0.1052,1.69,squad,41,mistral,ollama,0.3046,hallucinated,0.5,"The question asks about Alfred S Brown's identity, but the answer also includes information about his role with Nikola Tesla and the formation of the Tesla Electric Company. While the context does provide information about Brown's professional relationship with Tesla, it does not directly support that he was a superintendent at Western Union.",0.25965486497928697,0.5869142015775045
Which Germans could understand the language Luther used?,northern and southern,baseline," Both northern and southern Germans could understand the language Luther used in his translation, as he intended it to be intelligible to both regions.","Luther's translation used the variant of German spoken at the Saxon chancellery, intelligible to both northern and southern Germans. He intended his vigorous, direct language to make the Bible accessible to everyday Germans, ""for we are removing impediments and difficulties so that other people may read it without hindrance.""

---

Published at a time of rising demand for German-language publications, Luther's version quickly became a popular and influential Bible translation. As such, it made a significant contribution to the evolution of the German language and literature. Furnished with notes and prefaces by Luther, and with woodcuts by Lucas Cranach that contained anti-papal imagery, it played a major role in the spread of Luther's doctrine throughout Germany. The Luther Bible influenced other vernacular translations, such as William Tyndale's English Bible (1525 forward), a precursor of the King James Bible.

---

Luther's writings circulated widely, reaching France, England, and Italy as early as 1519. Students thronged to Wittenberg to hear Luther speak. He published a short commentary on Galatians and his Work on the Psalms. This early part of Luther's career was one of his most creative and productive. Three of his best-known works were published in 1520: To the Christian Nobility of the German Nation, On the Babylonian Captivity of the Church, and On the Freedom of a Christian.",0.6166,False,0.681,False,-1.0,1.099,squad,41,mistral,ollama,0.4267,hallucinated,1.0,The answer directly quotes the context which states that Luther's translation was intelligible to both northern and southern Germans.,0.1523922234773636,0.12247314304113388
Which Germans could understand the language Luther used?,northern and southern,hcpc_v1," Both northern and southern Germans could understand the language Luther used, as he intended his translation to be intelligible to both regions.","Luther's translation used the variant of German spoken at the Saxon chancellery, intelligible to both northern and southern Germans. He intended his vigorous, direct language to make the Bible accessible to everyday Germans, ""for we are removing impediments and difficulties so that other people may read it without hindrance.""

---

Published at a time of rising demand for German-language publications, Luther's version quickly became a popular and influential Bible translation. As such, it made a significant contribution to the evolution of the German language and literature

---

Luther's writings circulated widely, reaching France, England, and Italy as early as 1519. Students thronged to Wittenberg to hear Luther speak. He published a short commentary on Galatians and his Work on the Psalms",0.5812,False,0.6807,False,-1.0,0.792,squad,41,mistral,ollama,0.4447,hallucinated,1.0,The answer directly quotes the context that states Luther's translation was intelligible to both northern and southern Germans.,0.00768181262537837,0.5449371933937073
Which Germans could understand the language Luther used?,northern and southern,hcpc_v2," Both northern and southern Germans could understand the language Luther used in his translation, as he intended it to be intelligible to both regions.","Luther's translation used the variant of German spoken at the Saxon chancellery, intelligible to both northern and southern Germans. He intended his vigorous, direct language to make the Bible accessible to everyday Germans, ""for we are removing impediments and difficulties so that other people may read it without hindrance.""

---

Published at a time of rising demand for German-language publications, Luther's version quickly became a popular and influential Bible translation. As such, it made a significant contribution to the evolution of the German language and literature. Furnished with notes and prefaces by Luther, and with woodcuts by Lucas Cranach that contained anti-papal imagery, it played a major role in the spread of Luther's doctrine throughout Germany. The Luther Bible influenced other vernacular translations, such as William Tyndale's English Bible (1525 forward), a precursor of the King James Bible.

---

Luther's writings circulated widely, reaching France, England, and Italy as early as 1519. Students thronged to Wittenberg to hear Luther speak. He published a short commentary on Galatians and his Work on the Psalms . This early part of Luther's career was one of his most creative and productive . Three of his best-known works were published in 1520: To the Christian Nobility of the German Nation, On the Babylonian Captivity of the Church, and On the Freedom of a Christian.",0.6166,False,0.681,True,0.6122,1.0,squad,41,mistral,ollama,0.4267,hallucinated,1.0,The answer directly quotes the context stating that Luther's translation was intelligible to both northern and southern Germans.,0.5748630166053772,0.10957664996385574
When was vetting introduced?,2006,baseline," I cannot find this information in the provided context. The context only discusses Tesla and eugenics, as well as some historical events related to him, but it does not mention when vetting was introduced.","From 2006 Garda vetting has been introduced for new entrants to the teaching profession. These procedures apply to teaching and also to non-teaching posts and those who refuse vetting ""cannot be appointed or engaged by the school in any capacity including in a voluntary role"". Existing staff will be vetted on a phased basis.

---

Tesla, like many of his era, became a proponent of an imposed selective breeding version of eugenics. His opinion stemmed from the belief that humans' ""pity"" had interfered with the natural ""ruthless workings of nature,"" rather than from conceptions of a ""master race"" or inherent superiority of one person over another. His advocacy of it was, however, to push it further. In a 1937 interview, he stated:

---

Before World War I, Tesla sought overseas investors. After the war started, Tesla lost the funding he was receiving from his patents in European countries. Eventually, he sold Wardenclyffe for $20,000 ($472,500 in today's dollars). In 1917, around the time that the Wardenclyffe Tower was demolished by Boldt to make the land a more viable real estate asset, Tesla received AIEE's highest honor, the Edison Medal.",0.4925,True,0.3184,False,-1.0,1.527,squad,41,mistral,ollama,0.1616,hallucinated,0.0,"The question asks about the introduction of vetting, but the provided context only discusses Tesla and his historical events, with no mention of vetting.",6.483388278866187e-05,0.10362955182790756
When was vetting introduced?,2006,hcpc_v1," I cannot find this information in the provided context. The context only discusses events related to Garda vetting and Tesla, but not when it was introduced.","From 2006 Garda vetting has been introduced for new entrants to the teaching profession

---

Tesla, like many of his era, became a proponent of an imposed selective breeding version of eugenics

---

. In 1917, around the time that the Wardenclyffe Tower was demolished by Boldt to make the land a more viable real estate asset, Tesla received AIEE's highest honor, the Edison Medal.",0.5841,False,0.3779,False,-1.0,1.045,squad,41,mistral,ollama,0.1484,hallucinated,0.0,"The question asks about when vetting was introduced, but the provided context does not contain any information about vetting or its introduction.",0.00023209229038911872,0.04244276601821184
When was vetting introduced?,2006,hcpc_v2," I cannot find this information in the provided context. The context only discusses eugenics and Tesla, not vetting procedures.","From 2006 Garda vetting has been introduced for new entrants to the teaching profession. These procedures apply to teaching and also to non-teaching posts and those who refuse vetting ""cannot be appointed or engaged by the school in any capacity including in a voluntary role"". Existing staff will be vetted on a phased basis.

---

Tesla, like many of his era, became a proponent of an imposed selective breeding version of eugenics. His opinion stemmed from the belief that humans' ""pity"" had interfered with the natural ""ruthless workings of nature,"" rather than from conceptions of a ""master race"" or inherent superiority of one person over another. His advocacy of it was, however, to push it further. In a 1937 interview, he stated:

---

Before World War I, Tesla sought overseas investors. After the war started, Tesla lost the funding he was receiving from his patents in European countries. Eventually, he sold Wardenclyffe for $20,000 ($472,500 in today's dollars) . In 1917, around the time that the Wardenclyffe Tower was demolished by Boldt to make the land a more viable real estate asset, Tesla received AIEE's highest honor, the Edison Medal.",0.6392,False,0.3184,True,0.0182,1.125,squad,41,mistral,ollama,0.1227,hallucinated,0.0,"The question asks about when vetting was introduced, but the provided context does not contain any information about vetting.",6.555619984283112e-05,0.09066468477249146
Who did the peasants think Luther would support an attack on?,upper classes,baseline," The context does not provide information about who the peasants thought Luther would support an attack on. However, it is implied that Luther opposed the rebellion and violence of the peasants, as he condemned their actions in his writings.","Luther sympathised with some of the peasants' grievances, as he showed in his response to the Twelve Articles in May 1525, but he reminded the aggrieved to obey the temporal authorities. During a tour of Thuringia, he became enraged at the widespread burning of convents, monasteries, bishops' palaces, and libraries. In Against the Murderous, Thieving Hordes of Peasants, written on his return to Wittenberg, he gave his interpretation of the Gospel teaching on wealth, condemned the violence as the devil's work, and called for the nobles to put down the rebels like mad dogs:

---

Luther next set about reversing or modifying the new church practices. By working alongside the authorities to restore public order, he signalled his reinvention as a conservative force within the Reformation. After banishing the Zwickau prophets, he now faced a battle against not only the established Church but also the radical reformers who threatened the new order by fomenting social unrest and violence.

---

Luther justified his opposition to the rebels on three grounds. First, in choosing violence over lawful submission to the secular government, they were ignoring Christ's counsel to ""Render unto Caesar the things that are Caesar's""; St. Paul had written in his epistle to the Romans 13:1–7 that all authorities are appointed by God and therefore should not be resisted. This reference from the Bible forms the foundation for the doctrine known as the Divine Right of Kings, or, in the German case, the divine right of the princes. Second, the violent actions of rebelling, robbing, and plundering placed the peasants ""outside the law of God and Empire"", so they deserved ""death in body and soul, if only as highwaymen and murderers."" Lastly, Luther charged the rebels with blasphemy for calling themselves ""Christian brethren"" and committing their sinful acts under the banner of the Gospel.",0.6315,False,0.6226,False,-1.0,1.82,squad,41,mistral,ollama,0.3181,hallucinated,0.5,"The context does not provide information about who the peasants thought Luther would support an attack on. However, it is implied that Luther opposed the rebellion and violence of the peasants, as he condemned their actions in his writings.",0.0005382821836974472,0.3684966415166855
Who did the peasants think Luther would support an attack on?,upper classes,hcpc_v1," I cannot find this information in the provided context regarding who the peasants thought Luther would support an attack on. The context only mentions that Luther opposed the peasants' rebellion and justified his opposition using three grounds, one of which is referencing Christ's counsel to ""Render unto Caesar the things that are Caesar's.""","Luther sympathised with some of the peasants' grievances, as he showed in his response to the Twelve Articles in May 1525, but he reminded the aggrieved to obey the temporal authorities

---

Luther next set about reversing or modifying the new church practices. By working alongside the authorities to restore public order, he signalled his reinvention as a conservative force within the Reformation

---

Luther justified his opposition to the rebels on three grounds. First, in choosing violence over lawful submission to the secular government, they were ignoring Christ's counsel to ""Render unto Caesar the things that are Caesar's""; St",0.4403,True,0.652,False,-1.0,2.131,squad,41,mistral,ollama,0.2145,hallucinated,0.0,The provided context does not contain information about who the peasants thought Luther would support an attack on.,0.490950624771358,0.07672816957347095
Who did the peasants think Luther would support an attack on?,upper classes,hcpc_v2," The context does not provide information about who the peasants thought Luther would support an attack on. However, it is implied that Luther opposed the peasants' rebellion and considered their violent actions as blasphemous and against God's law.","Luther sympathised with some of the peasants' grievances, as he showed in his response to the Twelve Articles in May 1525, but he reminded the aggrieved to obey the temporal authorities. During a tour of Thuringia, he became enraged at the widespread burning of convents, monasteries, bishops' palaces, and libraries. In Against the Murderous, Thieving Hordes of Peasants, written on his return to Wittenberg, he gave his interpretation of the Gospel teaching on wealth, condemned the violence as the devil's work, and called for the nobles to put down the rebels like mad dogs:

---

Luther next set about reversing or modifying the new church practices. By working alongside the authorities to restore public order, he signalled his reinvention as a conservative force within the Reformation. After banishing the Zwickau prophets, he now faced a battle against not only the established Church but also the radical reformers who threatened the new order by fomenting social unrest and violence.

---

Luther justified his opposition to the rebels on three grounds. First, in choosing violence over lawful submission to the secular government, they were ignoring Christ's counsel to ""Render unto Caesar the things that are Caesar's""; St . Paul had written in his epistle to the Romans 13:1–7 that all authorities are appointed by God and therefore should not be resisted . This reference from the Bible forms the foundation for the doctrine known as the Divine Right of Kings, or, in the German case, the divine right of the princes . Second, the violent actions of rebelling, robbing, and plundering placed the peasants ""outside the law of God and Empire"", so they deserved ""death in body and soul, if only as highwaymen and murderers."" Lastly, Luther charged the rebels with blasphemy the rebels with blasphemy for calling themselves ""Christian brethren"" and committing their sinful acts under the banner of the Gospel.",0.6628,False,0.6196,True,0.5023,1.854,squad,41,mistral,ollama,0.2749,hallucinated,0.5,"The question asks who the peasants thought Luther would support an attack on, but the context only provides information about Luther's opposition to the peasants' rebellion and does not mention any specific targets of their attacks.",0.0016599466616753489,0.3563016653060913
In what year did Harvey Martin die?,2001,baseline," I cannot find this information in the provided context. The context only mentions Martin Luther, not Harvey Martin.","Martin Luther was born to Hans Luder (or Ludher, later Luther) and his wife Margarethe (née Lindemann) on 10 November 1483 in Eisleben, Saxony, then part of the Holy Roman Empire. He was baptized as a Catholic the next morning on the feast day of St. Martin of Tours. His family moved to Mansfeld in 1484, where his father was a leaseholder of copper mines and smelters and served as one of four citizen representatives on the local council. The religious scholar Martin Marty describes Luther's mother as a hard-working woman of ""trading-class stock and middling means"" and notes that Luther's enemies later wrongly described her as a whore and bath attendant. He had several brothers and sisters, and is known to have been close to one of them, Jacob. Hans Luther was ambitious for himself and his family, and he was determined to see Martin, his eldest son, become a lawyer

---

An apoplectic stroke deprived him of his speech, and he died shortly afterwards at 2:45 a.m. on 18 February 1546, aged 62, in Eisleben, the city of his birth. He was buried in the Castle Church in Wittenberg, beneath the pulpit. The funeral was held by his friends Johannes Bugenhagen and Philipp Melanchthon. A year later, troops of Luther's adversary Charles V, Holy Roman Emperor entered the town, but were ordered by Charles not to disturb the grave.

---

Some scholars, such as Mark U. Edwards in his book Luther's Last Battles: Politics and Polemics 1531–46 (1983), suggest that since Luther's increasingly antisemitic views developed during the years his health deteriorated, it is possible they were at least partly the product of a declining state of mind. Edwards also comments that Luther often deliberately used ""vulgarity and violence"" for effect, both in his writings condemning the Jews and in diatribes against ""Turks"" (Muslims) and Catholics.",0.7614,False,0.4124,False,-1.0,1.142,squad,41,mistral,ollama,0.1352,hallucinated,0.0,"The question asks for the year of Harvey Martin's death, but the provided context does not contain any information about Harvey Martin.",0.00014075077342567965,0.008373016957193613
In what year did Harvey Martin die?,2001,hcpc_v1," I cannot find the name ""Harvey Martin"" in the provided context. Therefore, I'm unable to determine the year of his death.",". Martin of Tours. His family moved to Mansfeld in 1484, where his father was a leaseholder of copper mines and smelters and served as one of four citizen representatives on the local council

---

An apoplectic stroke deprived him of his speech, and he died shortly afterwards at 2:45 a.m. on 18 February 1546, aged 62, in Eisleben, the city of his birth. He was buried in the Castle Church in Wittenberg, beneath the pulpit

---

. Edwards in his book Luther's Last Battles: Politics and Polemics 1531–46 (1983), suggest that since Luther's increasingly antisemitic views developed during the years his health deteriorated, it is possible they were at least partly the product of a",0.6953,False,0.4121,False,-1.0,1.076,squad,41,mistral,ollama,0.1413,hallucinated,0.0,"The question asks about Harvey Martin, but the provided context is about Martin Luther.",4.8435007556690834e-05,0.010440094047226012
In what year did Harvey Martin die?,2001,hcpc_v2," I cannot find this information in the provided context. The context only mentions Martin Luther, not Harvey Martin.","Martin Luther was born to Hans Luder (or Ludher, later Luther) and his wife Margarethe (née Lindemann) on 10 November 1483 in Eisleben, Saxony, then part of the Holy Roman Empire. He was baptized as a Catholic the next morning on the feast day of St. Martin of Tours. His family moved to Mansfeld in 1484, where his father was a leaseholder of copper mines and smelters and served as one of four citizen representatives on the local council. The religious scholar Martin Marty describes Luther's mother as a hard-working woman of ""trading-class stock and middling means"" and notes that Luther's enemies later wrongly described her as a whore and bath attendant. He had several brothers and sisters, and is known to have been close to one of them, Jacob. Hans Luther was ambitious for himself and his family, and he was determined to see Martin, his eldest son, become a lawyer

---

An apoplectic stroke deprived him of his speech, and he died shortly afterwards at 2:45 a.m. on 18 February 1546, aged 62, in Eisleben, the city of his birth. He was buried in the Castle Church in Wittenberg, beneath the pulpit. The funeral was held by his friends Johannes Bugenhagen and Philipp Melanchthon. A year later, troops of Luther's adversary Charles V, Holy Roman Emperor entered the town, but were ordered by Charles not to disturb the grave.

---

Some scholars, such as Mark U . Edwards in his book Luther's Last Battles: Politics and Polemics 1531–46 (1983), suggest that since Luther's increasingly antisemitic views developed during the years his health deteriorated, it is possible they were at least partly the product of a least partly the product of a declining state of mind . Edwards also comments that Luther often deliberately used ""vulgarity and violence"" for effect, both in his writings condemning the Jews and in diatribes against ""Turks"" (Muslims) and Catholics.",0.7614,False,0.4084,True,0.3944,1.147,squad,41,mistral,ollama,0.1352,hallucinated,0.0,"The question asks for the year of Harvey Martin's death, but the provided context does not contain any information about Harvey Martin.",0.00014999639824964106,0.008289395598694682
When was the Augsburg Confession signed?,1530,baseline, The Augsburg Confession was signed in 1530.,"Despite the disagreements on the Eucharist, the Marburg Colloquy paved the way for the signing in 1530 of the Augsburg Confession, and for the formation of the Schmalkaldic League the following year by leading Protestant nobles such as John of Saxony, Philip of Hesse, and George, Margrave of Brandenburg-Ansbach. The Swiss cities, however, did not sign these agreements.

---

Luther spoke out against the Jews in Saxony, Brandenburg, and Silesia. Josel of Rosheim, the Jewish spokesman who tried to help the Jews of Saxony in 1537, later blamed their plight on ""that priest whose name was Martin Luther—may his body and soul be bound up in hell!—who wrote and issued many heretical books in which he said that whoever would help the Jews was doomed to perdition."" Josel asked the city of Strasbourg to forbid the sale of Luther's anti-Jewish works: they refused initially, but did so when a Lutheran pastor in Hochfelden used a sermon to urge his parishioners to murder Jews. Luther's influence persisted after his death. Throughout the 1580s, riots led to the expulsion of Jews from several German Lutheran states.

---

Luther's disappearance during his return trip back to Wittenberg was planned. Frederick III had him intercepted on his way home in the forest near Wittenberg by masked horsemen who were made to appear as armed highwaymen. They escorted Luther to the security of the Wartburg Castle at Eisenach. During his stay at Wartburg, which he referred to as ""my Patmos"", Luther translated the New Testament from Greek into German and poured out doctrinal and polemical writings. These included a renewed attack on Archbishop Albrecht of Mainz, whom he shamed into halting the sale of indulgences in his episcopates, and a ""Refutation of the Argument of Latomus,"" in which he expounded the principle of justification to Jacobus Latomus, an orthodox theologian from Louvain.",0.7245,False,0.5088,False,-1.0,0.921,squad,41,mistral,ollama,0.6471,faithful,1.0,The context explicitly states that the Augsburg Confession was signed in 1530.,0.0017300482140854,0.015940554440021515
When was the Augsburg Confession signed?,1530,hcpc_v1, The Augsburg Confession was signed in 1530.,"Despite the disagreements on the Eucharist, the Marburg Colloquy paved the way for the signing in 1530 of the Augsburg Confession, and for the formation of the Schmalkaldic League the following year by leading Protestant nobles such as John of Saxony,

---

heretical books in which he said that whoever would help the Jews was doomed to perdition."" Josel asked the city of Strasbourg to forbid the sale of Luther's anti-Jewish works: they refused initially, but did so when a Lutheran pastor in Hochfelden used a

---

. They escorted Luther to the security of the Wartburg Castle at Eisenach. During his stay at Wartburg, which he referred to as ""my Patmos"", Luther translated the New Testament from Greek into German and poured out doctrinal and polemical writings",0.7245,False,0.5374,False,-1.0,0.62,squad,41,mistral,ollama,0.6471,faithful,1.0,The context clearly states that the Augsburg Confession was signed in 1530.,0.995520830154419,0.9861426949501038
When was the Augsburg Confession signed?,1530,hcpc_v2, The Augsburg Confession was signed in 1530.,"Despite the disagreements on the Eucharist, the Marburg Colloquy paved the way for the signing in 1530 of the Augsburg Confession, and for the formation of the Schmalkaldic League the following year by leading Protestant nobles such as John of Saxony, Philip of Hesse, and George, Margrave of Brandenburg-Ansbach. The Swiss cities, however, did not sign these agreements.

---

Luther spoke out against the Jews in Saxony, Brandenburg, and Silesia. Josel of Rosheim, the Jewish spokesman who tried to help the Jews of Saxony in 1537, later blamed their plight on ""that priest whose name was Martin Luther—may his body and soul be bound up in hell!—who wrote and issued many heretical books in which he said that whoever would help the Jews was doomed to perdition."" Josel asked the city of Strasbourg to forbid the sale of Luther's anti-Jewish works: they refused initially, but did so when a Lutheran pastor in Hochfelden used a sermon to urge his parishioners to murder Jews. Luther's influence persisted after his death. Throughout the 1580s, riots led to the expulsion of Jews from several German Lutheran states.

---

Luther's disappearance during his return trip back to Wittenberg was planned. Frederick III had him intercepted on his way home in the forest near Wittenberg by masked horsemen who were made to appear as armed highwaymen . They escorted Luther to the security of the Wartburg Castle at Eisenach. During his stay at Wartburg, which he referred to as ""my Patmos"", Luther translated the New Testament from Greek into German and poured out doctrinal and polemical writings . These included a renewed attack on Archbishop Albrecht of Mainz, whom he shamed into halting the sale of indulgences in his episcopates, and a ""Refutation of the Argument of Latomus,"" in which he expounded the principle of justification to Jacobus of justification to Jacobus Latomus, an orthodox theologian from Louvain.",0.7245,False,0.5067,True,0.4798,0.906,squad,41,mistral,ollama,0.6471,faithful,1.0,The context explicitly states that the Augsburg Confession was signed in 1530.,0.0023334515281021595,0.01873176544904709
What entity did Tesla believe would not be able to solve the problems of the time?,League of Nations,baseline," The context does not provide information about what specific entity Tesla believed would not be able to solve the problems of the time. However, it is mentioned that Tesla was critical of the League of Nations, but this statement is marked with a citation needed, indicating that this information might need further confirmation.","Tesla was generally antagonistic towards theories about the conversion of matter into energy.:247 He was also critical of Einstein's theory of relativity, saying:

---

Tesla exhibited a pre-atomic understanding of physics in his writings; he disagreed with the theory of atoms being composed of smaller subatomic particles, stating there was no such thing as an electron creating an electric charge (he believed that if electrons existed at all, they were some fourth state of matter or ""sub-atom"" that could only exist in an experimental vacuum and that they had nothing to do with electricity).:249 Tesla believed that atoms are immutable—they could not change state or be split in any way. He was a believer in the 19th century concept of an all pervasive ""ether"" that transmitted electrical energy.

---

Tesla made predictions about the relevant issues of a post-World War I environment in a printed article, ""Science and Discovery are the great Forces which will lead to the Consummation of the War"" (20 December 1914). Tesla believed that the League of Nations was not a remedy for the times and issues.[citation needed]",0.6506,False,0.6171,False,-1.0,2.12,squad,41,mistral,ollama,0.328,hallucinated,0.5,"The context mentions Tesla's criticism towards the League of Nations, but the question asks about an 'entity'. The term 'entity' could refer to a specific individual or group, and the provided context does not directly support this.",0.0030425471486523747,0.17505232244729996
What entity did Tesla believe would not be able to solve the problems of the time?,League of Nations,hcpc_v1," The League of Nations, according to the provided context.","Tesla was generally antagonistic towards theories about the conversion of matter into energy.:247 He was also critical of Einstein's theory of relativity, saying:

---

charge (he believed that if electrons existed at all, they were some fourth state of matter or ""sub-atom"" that could only exist in an experimental vacuum and that they had nothing to do with electricity).:249 Tesla believed that atoms are immutable—they

---

. Tesla believed that the League of Nations was not a remedy for the times and issues.[citation needed]",0.5185,False,0.6395,False,-1.0,0.469,squad,41,mistral,ollama,0.5512,faithful,1.0,The answer is directly supported by the statement 'Tesla believed that the League of Nations was not a remedy for the times and issues.',0.004224145784974098,0.35474127531051636
What entity did Tesla believe would not be able to solve the problems of the time?,League of Nations,hcpc_v2," The League of Nations, as per the provided context.","Tesla was generally antagonistic towards theories about the conversion of matter into energy.:247 He was also critical of Einstein's theory of relativity, saying:

---

Tesla exhibited a pre-atomic understanding of physics in his writings; he disagreed with the theory of atoms being composed of smaller subatomic particles, stating there was no such thing as an electron creating an electric charge (he believed that if electrons existed at all, they were some fourth state of matter or ""sub-atom"" that could only exist in an experimental vacuum and that they had nothing to do with electricity).:249 Tesla believed that atoms are immutable—they could not change state or be split in any way. He was a believer in the 19th century concept of an all pervasive ""ether"" that transmitted electrical energy.

---

Tesla made predictions about the relevant issues of a post-World War I environment in a printed article, ""Science and Discovery are the great Forces which will lead to the Consummation of the War"" (20 December 1914). Tesla believed that the League of Nations was not a remedy for the times and issues.[citation needed]",0.6127,False,0.6171,False,0.4283,0.623,squad,41,mistral,ollama,0.5702,faithful,1.0,"The answer is directly supported by the context, as Tesla is quoted as saying that he did not believe the League of Nations was a remedy for the times and issues.",0.0010222370037809014,0.2693338096141815
What provides a solution to a list of integers provided as input that ned to be sorted?,deterministic sorting algorithm quicksort,baseline," The context provided does not mention any specific algorithm for sorting a list of integers. However, it does discuss quicksort, which is a deterministic sorting algorithm. But the question asks for ""a solution,"" and in this case, the solution would be an algorithm that provides a sorted list as output when given a list of integers as input. So while quicksort is mentioned, it's not the exact answer to the question as stated.","For example, consider the deterministic sorting algorithm quicksort. This solves the problem of sorting a list of integers that is given as the input. The worst-case is when the input is sorted or sorted in reverse order, and the algorithm takes time O(n2) for this case. If we assume that all possible permutations of the input list are equally likely, the average time taken for sorting is O(n log n). The best case occurs when each pivoting divides the list in half, also needing O(n log n) time.

---

The integer factorization problem is the computational problem of determining the prime factorization of a given integer. Phrased as a decision problem, it is the problem of deciding whether the input has a factor less than k. No efficient integer factorization algorithm is known, and this fact forms the basis of several modern cryptographic systems, such as the RSA algorithm. The integer factorization problem is in NP and in co-NP (and even in UP and co-UP). If the problem is NP-complete, the polynomial time hierarchy will collapse to its first level (i.e., NP will equal co-NP). The best known algorithm for integer factorization is the general number field sieve, which takes time O(e(64/9)1/3(n.log 2)1/3(log (n.log 2))2/3) to factor an n-bit integer. However, the best known quantum algorithm for this problem, Shor's algorithm, does run in polynomial time. Unfortunately, this fact doesn't say much about where the problem lies with respect to non-quantum complexity classes.

---

It was shown by Ladner that if P ≠ NP then there exist problems in NP that are neither in P nor NP-complete. Such problems are called NP-intermediate problems. The graph isomorphism problem, the discrete logarithm problem and the integer factorization problem are examples of problems believed to be NP-intermediate. They are some of the very few NP problems not known to be in P or to be NP-complete.",0.6776,False,0.4045,False,-1.0,3.161,squad,41,mistral,ollama,0.1427,hallucinated,0.3,"The context discusses quicksort, which is a sorting algorithm, but it does not provide an algorithm that directly solves the problem of sorting a list of integers as stated in the question.",0.00035964987182524055,0.08567567518912256
What provides a solution to a list of integers provided as input that ned to be sorted?,deterministic sorting algorithm quicksort,hcpc_v1," The context does not provide information about a solution for sorting a list of integers. However, it mentions quicksort as an example of a deterministic sorting algorithm in another context.","For example, consider the deterministic sorting algorithm quicksort. This solves the problem of sorting a list of integers that is given as the input

---

. No efficient integer factorization algorithm is known, and this fact forms the basis of several modern cryptographic systems, such as the RSA algorithm. The integer factorization problem is in NP and in co-NP (and even in UP and co-UP)

---

. The graph isomorphism problem, the discrete logarithm problem and the integer factorization problem are examples of problems believed to be NP-intermediate. They are some of the very few NP problems not known to be in P or to be NP-complete.",0.6286,False,0.476,False,-1.0,1.323,squad,41,mistral,ollama,0.186,hallucinated,0.5,"The context does mention quicksort as a solution for sorting a list of integers, but it is only mentioned in an example unrelated to the provided question.",0.00016601697825535666,0.014646185096353292
What provides a solution to a list of integers provided as input that ned to be sorted?,deterministic sorting algorithm quicksort,hcpc_v2," The context provided does not mention any solution for sorting a list of integers. However, it does mention quicksort as a deterministic sorting algorithm in another context.","For example, consider the deterministic sorting algorithm quicksort. This solves the problem of sorting a list of integers that is given as the input. The worst-case is when the input is sorted or sorted in reverse order, and the algorithm takes time O(n2) for this case. If we assume that all possible permutations of the input list are equally likely, the average time taken for sorting is O(n log n). The best case occurs when each pivoting divides the list in half, also needing O(n log n) time.

---

The integer factorization problem is the computational problem of determining the prime factorization of a given integer. Phrased as a decision problem, it is the problem of deciding whether the input has a factor less than k. No efficient integer factorization algorithm is known, and this fact forms the basis of several modern cryptographic systems, such as the RSA algorithm. The integer factorization problem is in NP and in co-NP (and even in UP and co-UP). If the problem is NP-complete, the polynomial time hierarchy will collapse to its first level (i.e., NP will equal co-NP). The best known algorithm for integer factorization is the general number field sieve, which takes time O(e(64/9)1/3(n.log 2)1/3(log (n.log 2))2/3) to factor an n-bit integer. However, the best known quantum algorithm for this problem, Shor's algorithm, does run in polynomial time. Unfortunately, this fact doesn't say much about where the problem lies with respect to non-quantum complexity classes.

---

It was shown by Ladner that if P ≠ NP then there exist problems in NP that are neither in P nor NP-complete. Such problems are called NP-intermediate problems . The graph isomorphism problem, the discrete logarithm problem and the integer factorization problem are examples of problems believed to be NP-intermediate. They are some of the very few NP problems not known to be in P or to be NP-complete.",0.6839,False,0.4045,True,0.3127,1.543,squad,41,mistral,ollama,0.1965,hallucinated,0.2,The answer mentions the context of quicksort but does not provide a solution for the given question about sorting a list of integers.,0.00012113166667404585,0.00888845045119524
How many balls did Josh Norman intercept?,four,baseline, I cannot find this information in the provided context that Josh Norman intercepted any balls.,"With 4:51 left in regulation, Carolina got the ball on their own 24-yard line with a chance to mount a game-winning drive, and soon faced 3rd-and-9. On the next play, Miller stripped the ball away from Newton, and after several players dove for it, it took a long bounce backwards and was recovered by Ward, who returned it five yards to the Panthers 4-yard line. Although several players dove into the pile to attempt to recover it, Newton did not and his lack of aggression later earned him heavy criticism. Meanwhile, Denver's offense was kept out of the end zone for three plays, but a holding penalty on cornerback Josh Norman gave the Broncos a new set of downs. Then Anderson scored on a 2-yard touchdown run and Manning completed a pass to Bennie Fowler for a 2-point conversion, giving Denver a 24–10 lead with 3:08 left and essentially putting the game away. Carolina had two more drives, but failed to get a first down on each one.

---

After a punt from both teams, Carolina got on track with a 9-play, 73-yard scoring drive. Newton completed 4 of 4 passes for 51 yards and rushed twice for 25 yards, while Jonathan Stewart finished the drive with a 1-yard touchdown run, cutting the score to 10–7 with 11:28 left in the second quarter. Later on, Broncos receiver Jordan Norwood received Brad Nortman's short 28-yard punt surrounded by Panthers players, but none of them attempted to make a tackle, apparently thinking Norwood had called a fair catch. Norwood had not done so, and with no resistance around him, he took off for a Super Bowl record 61-yard return before Mario Addison dragged him down on the Panthers 14-yard line. Despite Denver's excellent field position, they could not get the ball into the end zone, so McManus kicked a 33-yard field goal that increased their lead to 13–7.

---

The Panthers seemed primed to score on their opening drive of the second half when Newton completed a 45-yard pass to Ted Ginn Jr. on the Denver 35-yard line on their second offensive play. But the Broncos defense halted the drive on the 26-yard line, and it ended with no points when Graham Gano hit the uprights on a 44-yard field goal attempt. After the miss, Manning completed a pair of passes to Emmanuel Sanders for gains of 25 and 22 yards, setting up McManus' 33-yard field goal that gave the Broncos a 16–7 lead. Carolina got off to another strong start after the kickoff, with Newton completing a 42-yard pass to Corey Brown. But once again they came up empty, this time as a result of a Newton pass that bounced off the hands of Ginn and was intercepted by safety T. J. Ward. Ward fumbled the ball during the return, but Trevathan recovered it to enable Denver to keep possession.",0.3898,True,0.4075,False,-1.0,1.272,squad,41,mistral,ollama,0.1383,hallucinated,0.0,The answer is unsupported by the context as it mentions an event (Josh Norman intercepting a ball) that did not occur in the provided text.,0.00018668507982511073,0.023496754467487335
How many balls did Josh Norman intercept?,four,hcpc_v1, I cannot find this information in the provided context. The context does not mention any interception by Josh Norman.,". On the next play, Miller stripped the ball away from Newton, and after several players dove for it, it took a long bounce backwards and was recovered by Ward, who returned it five yards to the Panthers 4-yard line

---

. Despite Denver's excellent field position, they could not get the ball into the end zone, so McManus kicked a 33-yard field goal that increased their lead to 13–7.

---

. After the miss, Manning completed a pair of passes to Emmanuel Sanders for gains of 25 and 22 yards, setting up McManus' 33-yard field goal that gave the Broncos a 16–7 lead",0.7008,False,0.4697,False,-1.0,0.863,squad,41,mistral,ollama,0.1472,hallucinated,0.0,The answer is unsupported by the provided context as it mentions an event (interception) that is not present in the text.,0.00014457127690548077,0.04009352205321193
How many balls did Josh Norman intercept?,four,hcpc_v2, I cannot find this information in the provided context that Josh Norman intercepted any balls.,"With 4:51 left in regulation, Carolina got the ball on their own 24-yard line with a chance to mount a game-winning drive, and soon faced 3rd-and-9. On the next play, Miller stripped the ball away from Newton, and after several players dove for it, it took a long bounce backwards and was recovered by Ward, who returned it five yards to the Panthers 4-yard line. Although several players dove into the pile to attempt to recover it, Newton did not and his lack of aggression later earned him heavy criticism. Meanwhile, Denver's offense was kept out of the end zone for three plays, but a holding penalty on cornerback Josh Norman gave the Broncos a new set of downs. Then Anderson scored on a 2-yard touchdown run and Manning completed a pass to Bennie Fowler for a 2-point conversion, giving Denver a 24–10 lead with 3:08 left and essentially putting the game away. Carolina had two more drives, but failed to get a first down on each one.

---

After a punt from both teams, Carolina got on track with a 9-play, 73-yard scoring drive. Newton completed 4 of 4 passes for 51 yards and rushed twice for 25 yards, while Jonathan Stewart finished the drive with a 1-yard touchdown run, cutting the score to 10–7 with 11:28 left in the second quarter. Later on, Broncos receiver Jordan Norwood received Brad Nortman's short 28-yard punt surrounded by Panthers players, but none of them attempted to make a tackle, apparently thinking Norwood had called a fair catch. Norwood had not done so, and with no resistance around him, he took off for a Super Bowl record 61-yard return before Mario Addison dragged him down on the Panthers 14-yard line. Despite Denver's excellent field position, they could not get the ball into the end zone, so McManus kicked a 33-yard field goal that increased their lead to 13–7.

---

The Panthers seemed primed to score on their opening drive of the second half when Newton completed a 45-yard pass to Ted Ginn Jr. on the Denver 35-yard line on their second offensive play . But the Broncos defense halted the drive on the 26-yard line, and it ended with no points when Graham Gano hit the uprights on a 44-yard field goal attempt . After the miss, Manning completed a pair of passes to Emmanuel Sanders for gains of 25 and 22 yards, setting up McManus' 33-yard field goal that gave the Broncos a 16–7 lead . Carolina got off to another strong start after the kickoff, with Newton completing a 42-yard pass to Corey Brown. But once again they came up empty, this time as a result of a Newton pass that bounced off the hands of Ginn and was intercepted by safety T . J. Ward. Ward fumbled the ball during the return, but Trevathan recovered it to enable Denver to keep possession.",0.3898,True,0.4071,True,0.7611,1.267,squad,41,mistral,ollama,0.1383,hallucinated,0.0,The answer is unsupported by the context as it mentions an event (Josh Norman intercepting a ball) that is not present in the provided text.,0.00012892262020613998,0.022888820618391037
"What may cause ""motivational embellishment""?",enthusiasm,baseline," The concept of ""motivational embellishment"" may be caused by the enthusiastic presentation of material by a teacher, as mentioned in the context. This includes nonverbal expressions such as demonstrative gesturing, dramatic movements which are varied, and emotional facial expressions.","There are various mechanisms by which teacher enthusiasm may facilitate higher levels of intrinsic motivation. Teacher enthusiasm may contribute to a classroom atmosphere full of energy and enthusiasm which feed student interest and excitement in learning the subject matter. Enthusiastic teachers may also lead to students becoming more self-determined in their own learning process. The concept of mere exposure indicates that the teacher's enthusiasm may contribute to the student's expectations about intrinsic motivation in the context of learning. Also, enthusiasm may act as a ""motivational embellishment""; increasing a student's interest by the variety, novelty, and surprise of the enthusiastic teacher's presentation of the material. Finally, the concept of emotional contagion, may also apply. Students may become more intrinsically motivated by catching onto the enthusiasm and energy of the teacher.[citation needed]

---

Teachers that exhibit enthusiasm can lead to students who are more likely to be engaged, interested, energetic, and curious about learning the subject matter. Recent research has found a correlation between teacher enthusiasm and students' intrinsic motivation to learn and vitality in the classroom. Controlled, experimental studies exploring intrinsic motivation of college students has shown that nonverbal expressions of enthusiasm, such as demonstrative gesturing, dramatic movements which are varied, and emotional facial expressions, result in college students reporting higher levels of intrinsic motivation to learn. Students who experienced a very enthusiastic teacher were more likely to read lecture material outside of the classroom.

---

Since teachers can affect how students perceive the course materials, it has been found that teachers who showed enthusiasm towards the course materials and students can affect a positive learning experience towards the course materials. On teacher/course evaluations, it was found that teachers who have a positive disposition towards the course content tend to transfer their passion to receptive students. These teachers do not teach by rote but attempt to find new invigoration for the course materials on a daily basis. One of the difficulties in this approach is that teachers may have repeatedly covered a curriculum until they begin to feel bored with the subject which in turn bores the students as well. Students who had enthusiastic teachers tend to rate them higher than teachers who didn't show much enthusiasm for the course materials.",0.7842,False,0.4032,False,-1.0,2.167,squad,41,mistral,ollama,0.4322,hallucinated,1.0,The answer directly references the 'motivational embellishment' concept found in the context.,0.0028049980755895376,0.6973032653331757
"What may cause ""motivational embellishment""?",enthusiasm,hcpc_v1," I cannot find the term ""motivational embellishment"" in the provided context. The context discusses how teacher enthusiasm can lead to higher levels of intrinsic motivation among college students, mentioning factors such as facial expressions and a positive disposition towards course content. However, it does not provide information about what may cause ""motivational embellishment.""","There are various mechanisms by which teacher enthusiasm may facilitate higher levels of intrinsic motivation

---

facial expressions, result in college students reporting higher levels of intrinsic motivation to learn

---

. On teacher/course evaluations, it was found that teachers who have a positive disposition towards the course content tend to transfer their passion to receptive students",0.54,False,0.4926,False,-1.0,2.303,squad,41,mistral,ollama,0.2225,hallucinated,0.0,The context does not contain any information about what may cause 'motivational embellishment'.,0.3324489649491322,0.32382109536168474
"What may cause ""motivational embellishment""?",enthusiasm,hcpc_v2," The concept of ""motivational embellishment"" may be caused by an enthusiastic teacher's presentation of the material, which includes demonstrative gesturing, dramatic movements, and emotional facial expressions. This variety, novelty, and surprise in the teacher's enthusiasm can increase a student's interest in the subject matter.","There are various mechanisms by which teacher enthusiasm may facilitate higher levels of intrinsic motivation. Teacher enthusiasm may contribute to a classroom atmosphere full of energy and enthusiasm which feed student interest and excitement in learning the subject matter. Enthusiastic teachers may also lead to students becoming more self-determined in their own learning process. The concept of mere exposure indicates that the teacher's enthusiasm may contribute to the student's expectations about intrinsic motivation in the context of learning. Also, enthusiasm may act as a ""motivational embellishment""; increasing a student's interest by the variety, novelty, and surprise of the enthusiastic teacher's presentation of the material. Finally, the concept of emotional contagion, may also apply. Students may become more intrinsically motivated by catching onto the enthusiasm and energy of the teacher.[citation needed]

---

Teachers that exhibit enthusiasm can lead to students who are more likely to be engaged, interested, energetic, and curious about learning the subject matter. Recent research has found a correlation between teacher enthusiasm and students' intrinsic motivation to learn and vitality in the classroom. Controlled, experimental studies exploring intrinsic motivation of college students has shown that nonverbal expressions of enthusiasm, such as demonstrative gesturing, dramatic movements which are varied, and emotional facial expressions, result in college students reporting higher levels of intrinsic motivation to learn. Students who experienced a very enthusiastic teacher were more likely to read lecture material outside of the classroom.

---

Since teachers can affect how students perceive the course materials, it has been found that teachers who showed enthusiasm towards the course materials and students can affect a positive learning experience towards the course materials . On teacher/course evaluations, it was found that teachers who have a positive disposition towards the course content tend to transfer their passion to receptive students . These teachers do not teach by rote but attempt to find new invigoration for the course materials on a daily basis . One of the difficulties in this approach is that teachers may have repeatedly covered a curriculum until they begin to feel bored with the subject which in turn bores the students as well . Students who had enthusiastic teachers tend to rate them higher than teachers who didn't show much enthusiasm for the course materials.",0.7187,False,0.4042,True,0.627,2.549,squad,41,mistral,ollama,0.5328,faithful,1.0,"The answer directly references the context which states that 'enthusiasm may act as a 'motivational embellishment'; increasing a student's interest by the variety, novelty, and surprise of the enthusiastic teacher's presentation of the material.'",0.002350946480873972,0.6766990125179291
What yard line did the Broncos stop the Panthers on in their first offensive drive of Super Bowl 50?,26-yard line,baseline, The Broncos stopped the Panthers on the 26-yard line in their first offensive drive of Super Bowl 50.,"The Panthers seemed primed to score on their opening drive of the second half when Newton completed a 45-yard pass to Ted Ginn Jr. on the Denver 35-yard line on their second offensive play. But the Broncos defense halted the drive on the 26-yard line, and it ended with no points when Graham Gano hit the uprights on a 44-yard field goal attempt. After the miss, Manning completed a pair of passes to Emmanuel Sanders for gains of 25 and 22 yards, setting up McManus' 33-yard field goal that gave the Broncos a 16–7 lead. Carolina got off to another strong start after the kickoff, with Newton completing a 42-yard pass to Corey Brown. But once again they came up empty, this time as a result of a Newton pass that bounced off the hands of Ginn and was intercepted by safety T. J. Ward. Ward fumbled the ball during the return, but Trevathan recovered it to enable Denver to keep possession.

---

With 4:51 left in regulation, Carolina got the ball on their own 24-yard line with a chance to mount a game-winning drive, and soon faced 3rd-and-9. On the next play, Miller stripped the ball away from Newton, and after several players dove for it, it took a long bounce backwards and was recovered by Ward, who returned it five yards to the Panthers 4-yard line. Although several players dove into the pile to attempt to recover it, Newton did not and his lack of aggression later earned him heavy criticism. Meanwhile, Denver's offense was kept out of the end zone for three plays, but a holding penalty on cornerback Josh Norman gave the Broncos a new set of downs. Then Anderson scored on a 2-yard touchdown run and Manning completed a pass to Bennie Fowler for a 2-point conversion, giving Denver a 24–10 lead with 3:08 left and essentially putting the game away. Carolina had two more drives, but failed to get a first down on each one.

---

There would be no more scoring in the third quarter, but early in the fourth, the Broncos drove to the Panthers 41-yard line. On the next play, Ealy knocked the ball out of Manning's hand as he was winding up for a pass, and then recovered it for Carolina on the 50-yard line. A 16-yard reception by Devin Funchess and a 12-yard run by Stewart then set up Gano's 39-yard field goal, cutting the Panthers deficit to one score at 16–10. The next three drives of the game would end in punts.",0.7925,False,0.6617,False,-1.0,1.519,squad,41,mistral,ollama,0.3867,hallucinated,1.0,The answer directly references the information provided in the context about the Broncos stopping the Panthers on the 26-yard line during their first offensive drive of Super Bowl 50.,0.0007191714248619974,0.038724079728126526
What yard line did the Broncos stop the Panthers on in their first offensive drive of Super Bowl 50?,26-yard line,hcpc_v1," The provided context does not specify the exact yard line where the Broncos stopped the Panthers during their first offensive drive in Super Bowl 50. However, it is mentioned that the drive ended on the 26-yard line of the Panthers.",". But the Broncos defense halted the drive on the 26-yard line, and it ended with no points when Graham Gano hit the uprights on a 44-yard field goal attempt

---

. Then Anderson scored on a 2-yard touchdown run and Manning completed a pass to Bennie Fowler for a 2-point conversion, giving Denver a 24–10 lead with 3:08 left and essentially putting the game away

---

There would be no more scoring in the third quarter, but early in the fourth, the Broncos drove to the Panthers 41-yard line",0.8593,False,0.6632,False,-1.0,1.787,squad,41,mistral,ollama,0.3112,hallucinated,0.7,"The question asks for the yard line where the Broncos stopped the Panthers during their first offensive drive, but the provided context only mentions the yard line at the end of a later drive.",0.49287373916013166,0.2837182506918907
What yard line did the Broncos stop the Panthers on in their first offensive drive of Super Bowl 50?,26-yard line,hcpc_v2, The Broncos stopped the Panthers on the 26-yard line in their first offensive drive of Super Bowl 50.,"The Panthers seemed primed to score on their opening drive of the second half when Newton completed a 45-yard pass to Ted Ginn Jr. on the Denver 35-yard line on their second offensive play. But the Broncos defense halted the drive on the 26-yard line, and it ended with no points when Graham Gano hit the uprights on a 44-yard field goal attempt. After the miss, Manning completed a pair of passes to Emmanuel Sanders for gains of 25 and 22 yards, setting up McManus' 33-yard field goal that gave the Broncos a 16–7 lead. Carolina got off to another strong start after the kickoff, with Newton completing a 42-yard pass to Corey Brown. But once again they came up empty, this time as a result of a Newton pass that bounced off the hands of Ginn and was intercepted by safety T. J. Ward. Ward fumbled the ball during the return, but Trevathan recovered it to enable Denver to keep possession.

---

With 4:51 left in regulation, Carolina got the ball on their own 24-yard line with a chance to mount a game-winning drive, and soon faced 3rd-and-9. On the next play, Miller stripped the ball away from Newton, and after several players dove for it, it took a long bounce backwards and was recovered by Ward, who returned it five yards to the Panthers 4-yard line. Although several players dove into the pile to attempt to recover it, Newton did not and his lack of aggression later earned him heavy criticism. Meanwhile, Denver's offense was kept out of the end zone for three plays, but a holding penalty on cornerback Josh Norman gave the Broncos a new set of downs. Then Anderson scored on a 2-yard touchdown run and Manning completed a pass to Bennie Fowler for a 2-point conversion, giving Denver a 24–10 lead with 3:08 left and essentially putting the game away. Carolina had two more drives, but failed to get a first down on each one.

---

There would be no more scoring in the third quarter, but early in the fourth, the Broncos drove to the Panthers 41-yard line. On the next play, Ealy knocked the ball out of Manning's hand as he was winding up for a pass, and then recovered it for Carolina on the 50-yard line. A 16-yard reception by Devin Funchess and a 12-yard run by Stewart then set up Gano's 39-yard field goal, cutting the Panthers deficit to one score at 16–10. The next three drives of the game would end in punts.",0.7925,False,0.6617,False,0.7787,1.539,squad,41,mistral,ollama,0.3867,hallucinated,1.0,The answer directly references the information provided in the context about the Broncos stopping the Panthers on the 26-yard line during their first offensive drive of Super Bowl 50.,0.0007191714248619974,0.038724079728126526
What is the name of the stadium where Super Bowl 50 was played?,Levi's Stadium.,baseline, Levi's Stadium,"Super Bowl 50 was an American football game to determine the champion of the National Football League (NFL) for the 2015 season. The American Football Conference (AFC) champion Denver Broncos defeated the National Football Conference (NFC) champion Carolina Panthers 24–10 to earn their third Super Bowl title. The game was played on February 7, 2016, at Levi's Stadium in the San Francisco Bay Area at Santa Clara, California. As this was the 50th Super Bowl, the league emphasized the ""golden anniversary"" with various gold-themed initiatives, as well as temporarily suspending the tradition of naming each Super Bowl game with Roman numerals (under which the game would have been known as ""Super Bowl L""), so that the logo could prominently feature the Arabic numerals 50.

---

On May 21, 2013, NFL owners at their spring meetings in Boston voted and awarded the game to Levi's Stadium. The $1.2 billion stadium opened in 2014. It is the first Super Bowl held in the San Francisco Bay Area since Super Bowl XIX in 1985, and the first in California since Super Bowl XXXVII took place in San Diego in 2003.

---

The league announced on October 16, 2012, that the two finalists were Sun Life Stadium and Levi's Stadium. The South Florida/Miami area has previously hosted the event 10 times (tied for most with New Orleans), with the most recent one being Super Bowl XLIV in 2010. The San Francisco Bay Area last hosted in 1985 (Super Bowl XIX), held at Stanford Stadium in Stanford, California, won by the home team 49ers. The Miami bid depended on whether the stadium underwent renovations. However, on May 3, 2013, the Florida legislature refused to approve the funding plan to pay for the renovations, dealing a significant blow to Miami's chances.",0.5799,False,0.6592,False,-1.0,0.684,squad,41,mistral,ollama,0.4059,hallucinated,1.0,The answer 'Levi's Stadium' is directly supported by the context as it is stated that Super Bowl 50 was played at Levi's Stadium.,0.0011974574299529195,0.288887083530426
What is the name of the stadium where Super Bowl 50 was played?,Levi's Stadium.,hcpc_v1, I cannot find this information in the provided context. The context does not specify the name of the stadium where Super Bowl 50 was played.,"which the game would have been known as ""Super Bowl L""), so that the logo could prominently feature the Arabic numerals 50.

---

. It is the first Super Bowl held in the San Francisco Bay Area since Super Bowl XIX in 1985, and the first in California since Super Bowl XXXVII took place in San Diego in 2003.

---

. The San Francisco Bay Area last hosted in 1985 (Super Bowl XIX), held at Stanford Stadium in Stanford, California, won by the home team 49ers. The Miami bid depended on whether the stadium underwent renovations",0.7359,False,0.6286,False,-1.0,1.134,squad,41,mistral,ollama,0.1681,hallucinated,0.0,The context does not provide the name of the stadium where Super Bowl 50 was played.,0.00035988200761494227,0.1729515865445137
