condition,faithfulness_score,is_hallucination,total_latency_ms,dataset,base_index_s,raptor_index_s
hcpc_v2,0.8579,False,1810.946,squad,8.01,175.354
crag,0.7354,False,1088.067,squad,8.01,175.354
raptor_2l,0.7354,False,1439.436,squad,8.01,175.354
hcpc_v2,0.813,False,918.95,squad,8.01,175.354
crag,0.8891,False,1142.909,squad,8.01,175.354
raptor_2l,0.8891,False,1678.128,squad,8.01,175.354
hcpc_v2,0.9533,False,1113.225,squad,8.01,175.354
crag,0.9533,False,1242.449,squad,8.01,175.354
raptor_2l,0.9516,False,1617.56,squad,8.01,175.354
hcpc_v2,0.9247,False,827.323,squad,8.01,175.354
crag,0.9247,False,880.463,squad,8.01,175.354
raptor_2l,0.9247,False,1316.133,squad,8.01,175.354
hcpc_v2,1.0,False,377.71,squad,8.01,175.354
crag,1.0,False,376.889,squad,8.01,175.354
raptor_2l,1.0,False,900.381,squad,8.01,175.354
hcpc_v2,0.7738,False,1679.663,squad,8.01,175.354
crag,0.5107,False,2071.452,squad,8.01,175.354
raptor_2l,0.8925,False,1441.571,squad,8.01,175.354
hcpc_v2,0.884,False,1373.263,squad,8.01,175.354
crag,0.7623,False,1730.781,squad,8.01,175.354
raptor_2l,0.8967,False,1446.241,squad,8.01,175.354
hcpc_v2,0.697,False,1717.296,squad,8.01,175.354
crag,0.697,False,1398.827,squad,8.01,175.354
raptor_2l,0.6259,False,1865.526,squad,8.01,175.354
hcpc_v2,0.7738,False,1989.956,squad,8.01,175.354
crag,0.5107,False,2155.648,squad,8.01,175.354
raptor_2l,0.8925,False,1522.761,squad,8.01,175.354
hcpc_v2,0.982,False,882.99,squad,8.01,175.354
crag,0.982,False,518.521,squad,8.01,175.354
raptor_2l,0.982,False,803.089,squad,8.01,175.354
hcpc_v2,0.8567,False,1251.03,squad,8.01,175.354
crag,0.8567,False,1042.345,squad,8.01,175.354
raptor_2l,0.8567,False,1514.432,squad,8.01,175.354
hcpc_v2,0.9247,False,1114.842,squad,8.01,175.354
crag,0.9247,False,786.15,squad,8.01,175.354
raptor_2l,0.9247,False,1306.577,squad,8.01,175.354
hcpc_v2,0.6918,False,1370.045,squad,8.01,175.354
crag,0.6918,False,1136.819,squad,8.01,175.354
raptor_2l,0.793,False,1220.207,squad,8.01,175.354
hcpc_v2,0.9421,False,1571.224,squad,8.01,175.354
crag,0.4784,True,646.852,squad,8.01,175.354
raptor_2l,0.5782,False,1664.836,squad,8.01,175.354
hcpc_v2,0.4443,True,1710.157,squad,8.01,175.354
crag,0.5494,False,1204.582,squad,8.01,175.354
raptor_2l,0.5494,False,1728.014,squad,8.01,175.354
hcpc_v2,0.6644,False,1304.187,squad,8.01,175.354
crag,0.6644,False,1048.575,squad,8.01,175.354
raptor_2l,0.7112,False,1592.043,squad,8.01,175.354
hcpc_v2,0.7652,False,3328.423,squad,8.01,175.354
crag,0.672,False,2921.419,squad,8.01,175.354
raptor_2l,0.7632,False,1455.663,squad,8.01,175.354
hcpc_v2,0.9421,False,1508.717,squad,8.01,175.354
crag,0.4784,True,636.662,squad,8.01,175.354
raptor_2l,0.5782,False,1616.349,squad,8.01,175.354
hcpc_v2,0.5799,False,518.686,squad,8.01,175.354
crag,0.5799,False,669.158,squad,8.01,175.354
raptor_2l,0.793,False,1232.416,squad,8.01,175.354
hcpc_v2,0.8695,False,2154.453,squad,8.01,175.354
crag,0.8873,False,1350.59,squad,8.01,175.354
raptor_2l,0.7805,False,1760.776,squad,8.01,175.354
hcpc_v2,0.945,False,1097.45,squad,8.01,175.354
crag,0.945,False,1224.886,squad,8.01,175.354
raptor_2l,0.6229,False,1247.102,squad,8.01,175.354
hcpc_v2,0.9731,False,1205.011,squad,8.01,175.354
crag,0.6406,False,2201.895,squad,8.01,175.354
raptor_2l,1.0,False,1046.754,squad,8.01,175.354
hcpc_v2,0.6101,False,929.606,squad,8.01,175.354
crag,0.6101,False,733.237,squad,8.01,175.354
raptor_2l,0.6101,False,1065.378,squad,8.01,175.354
hcpc_v2,0.806,False,1011.794,squad,8.01,175.354
crag,0.806,False,908.619,squad,8.01,175.354
raptor_2l,0.7093,False,1481.09,squad,8.01,175.354
hcpc_v2,0.9247,False,1065.624,squad,8.01,175.354
crag,0.9247,False,745.552,squad,8.01,175.354
raptor_2l,0.9247,False,1274.602,squad,8.01,175.354
hcpc_v2,0.6757,False,1137.697,squad,8.01,175.354
crag,0.6757,False,1072.533,squad,8.01,175.354
raptor_2l,0.6757,False,1523.669,squad,8.01,175.354
hcpc_v2,0.9247,False,656.624,squad,8.01,175.354
crag,0.9247,False,893.25,squad,8.01,175.354
raptor_2l,0.9247,False,1347.796,squad,8.01,175.354
hcpc_v2,0.9411,False,1230.099,squad,8.01,175.354
crag,0.9411,False,1268.278,squad,8.01,175.354
raptor_2l,0.9411,False,1659.847,squad,8.01,175.354
hcpc_v2,0.6293,False,556.099,squad,8.01,175.354
crag,0.7164,False,1777.362,squad,8.01,175.354
raptor_2l,0.6706,False,1766.302,squad,8.01,175.354
hcpc_v2,0.6985,False,702.423,squad,8.01,175.354
crag,0.5273,False,3336.504,squad,8.01,175.354
raptor_2l,0.6871,False,1751.388,squad,8.01,175.354
hcpc_v2,0.7602,False,1999.669,squad,8.01,175.354
crag,0.7426,False,1513.551,squad,8.01,175.354
raptor_2l,1.0,False,864.637,squad,8.01,175.354
hcpc_v2,0.5777,False,1278.523,squad,8.01,175.354
crag,0.5994,False,1017.778,squad,8.01,175.354
raptor_2l,0.5777,False,1445.765,squad,8.01,175.354
hcpc_v2,0.6925,False,1689.842,squad,8.01,175.354
crag,0.5546,False,1670.575,squad,8.01,175.354
raptor_2l,0.6925,False,1879.059,squad,8.01,175.354
hcpc_v2,0.7716,False,2968.097,squad,8.01,175.354
crag,0.7491,False,3027.643,squad,8.01,175.354
raptor_2l,0.892,False,3024.852,squad,8.01,175.354
hcpc_v2,0.8595,False,2502.523,squad,8.01,175.354
crag,0.5012,False,851.658,squad,8.01,175.354
raptor_2l,0.6275,False,2727.415,squad,8.01,175.354
hcpc_v2,0.9783,False,1274.593,squad,8.01,175.354
crag,0.9736,False,864.935,squad,8.01,175.354
raptor_2l,0.7547,False,2561.2,squad,8.01,175.354
hcpc_v2,0.7878,False,1060.958,squad,8.01,175.354
crag,0.7878,False,941.867,squad,8.01,175.354
raptor_2l,0.7878,False,1293.0,squad,8.01,175.354
hcpc_v2,0.5188,False,3863.206,squad,8.01,175.354
crag,0.6269,False,2774.66,squad,8.01,175.354
raptor_2l,0.5343,False,3977.718,squad,8.01,175.354
hcpc_v2,0.7543,False,2267.562,squad,8.01,175.354
crag,0.6022,False,815.197,squad,8.01,175.354
raptor_2l,0.7483,False,2373.982,squad,8.01,175.354
hcpc_v2,1.0,False,829.879,squad,8.01,175.354
crag,1.0,False,261.465,squad,8.01,175.354
raptor_2l,1.0,False,647.776,squad,8.01,175.354
hcpc_v2,0.5198,False,15980.245,squad,8.01,175.354
crag,0.5198,False,1351.691,squad,8.01,175.354
raptor_2l,0.484,True,1615.693,squad,8.01,175.354
hcpc_v2,0.7831,False,1637.447,squad,8.01,175.354
crag,0.7435,False,1755.618,squad,8.01,175.354
raptor_2l,0.5984,False,1573.656,squad,8.01,175.354
hcpc_v2,0.9732,False,1638.929,squad,8.01,175.354
crag,0.8599,False,876.341,squad,8.01,175.354
raptor_2l,0.9592,False,2025.188,squad,8.01,175.354
hcpc_v2,0.7548,False,2334.264,squad,8.01,175.354
crag,0.6032,False,861.215,squad,8.01,175.354
raptor_2l,0.7378,False,2502.257,squad,8.01,175.354
hcpc_v2,0.5369,False,1816.936,squad,8.01,175.354
crag,0.5369,False,1757.864,squad,8.01,175.354
raptor_2l,0.5369,False,2086.947,squad,8.01,175.354
hcpc_v2,1.0,False,807.289,squad,8.01,175.354
crag,1.0,False,666.775,squad,8.01,175.354
raptor_2l,1.0,False,931.871,squad,8.01,175.354
hcpc_v2,0.9783,False,1483.863,squad,8.01,175.354
crag,0.9783,False,840.193,squad,8.01,175.354
raptor_2l,0.9783,False,1448.114,squad,8.01,175.354
hcpc_v2,0.4617,True,2490.832,squad,8.01,175.354
crag,0.6263,False,1005.663,squad,8.01,175.354
raptor_2l,0.4344,True,2543.199,squad,8.01,175.354
hcpc_v2,0.9658,False,1217.612,squad,8.01,175.354
crag,0.5696,False,1994.653,squad,8.01,175.354
raptor_2l,0.9658,False,1334.562,squad,8.01,175.354
hcpc_v2,0.8421,False,2060.324,squad,8.01,175.354
crag,1.0,False,346.899,squad,8.01,175.354
raptor_2l,0.7265,False,1783.519,squad,8.01,175.354
hcpc_v2,0.9593,False,1379.91,squad,8.01,175.354
crag,0.6769,False,3626.94,squad,8.01,175.354
raptor_2l,0.9649,False,1513.342,squad,8.01,175.354
hcpc_v2,0.9734,False,1810.803,squad,8.01,175.354
crag,0.9734,False,1411.027,squad,8.01,175.354
raptor_2l,0.6194,False,2594.738,squad,8.01,175.354
hcpc_v2,1.0,False,828.343,squad,8.01,175.354
crag,1.0,False,260.638,squad,8.01,175.354
raptor_2l,1.0,False,640.596,squad,8.01,175.354
hcpc_v2,0.8411,False,1268.636,squad,8.01,175.354
crag,0.9298,False,903.613,squad,8.01,175.354
raptor_2l,0.5559,False,2394.741,squad,8.01,175.354
hcpc_v2,0.679,False,1613.169,squad,8.01,175.354
crag,0.679,False,1292.069,squad,8.01,175.354
raptor_2l,0.679,False,1574.412,squad,8.01,175.354
hcpc_v2,0.6219,False,759.639,squad,8.01,175.354
crag,0.7507,False,784.425,squad,8.01,175.354
raptor_2l,1.0,False,510.946,squad,8.01,175.354
hcpc_v2,0.6629,False,1077.835,squad,8.01,175.354
crag,1.0,False,323.578,squad,8.01,175.354
raptor_2l,0.6327,False,1193.144,squad,8.01,175.354
hcpc_v2,0.7598,False,1368.202,squad,8.01,175.354
crag,0.7598,False,819.04,squad,8.01,175.354
raptor_2l,0.7646,False,859.311,squad,8.01,175.354
hcpc_v2,1.0,False,669.211,squad,8.01,175.354
crag,1.0,False,421.604,squad,8.01,175.354
raptor_2l,1.0,False,723.354,squad,8.01,175.354
hcpc_v2,0.5556,False,2778.933,squad,8.01,175.354
crag,0.5216,False,3151.141,squad,8.01,175.354
raptor_2l,0.7654,False,788.975,squad,8.01,175.354
hcpc_v2,0.6391,False,2618.96,squad,8.01,175.354
crag,0.4286,True,1705.278,squad,8.01,175.354
raptor_2l,0.8227,False,1983.237,squad,8.01,175.354
hcpc_v2,0.7841,False,3146.432,squad,8.01,175.354
crag,0.59,False,1631.466,squad,8.01,175.354
raptor_2l,0.7249,False,3874.8,squad,8.01,175.354
hcpc_v2,0.7368,False,1083.376,squad,8.01,175.354
crag,0.7368,False,708.09,squad,8.01,175.354
raptor_2l,1.0,False,544.347,squad,8.01,175.354
hcpc_v2,0.7215,False,1634.437,squad,8.01,175.354
crag,0.7278,False,609.147,squad,8.01,175.354
raptor_2l,0.7013,False,1492.649,squad,8.01,175.354
hcpc_v2,0.8232,False,1310.724,squad,8.01,175.354
crag,1.0,False,241.443,squad,8.01,175.354
raptor_2l,0.4624,True,2328.03,squad,8.01,175.354
hcpc_v2,0.7368,False,1096.649,squad,8.01,175.354
crag,0.7368,False,664.791,squad,8.01,175.354
raptor_2l,1.0,False,540.282,squad,8.01,175.354
hcpc_v2,0.6797,False,1456.477,squad,8.01,175.354
crag,1.0,False,282.229,squad,8.01,175.354
raptor_2l,0.6797,False,1438.668,squad,8.01,175.354
hcpc_v2,0.6844,False,3325.35,squad,8.01,175.354
crag,0.5583,False,2347.716,squad,8.01,175.354
raptor_2l,1.0,False,725.095,squad,8.01,175.354
hcpc_v2,0.8988,False,1789.692,squad,8.01,175.354
crag,0.714,False,368.34,squad,8.01,175.354
raptor_2l,0.5297,False,1255.614,squad,8.01,175.354
hcpc_v2,0.7368,False,1064.675,squad,8.01,175.354
crag,0.7368,False,678.574,squad,8.01,175.354
raptor_2l,1.0,False,516.78,squad,8.01,175.354
hcpc_v2,0.7801,False,1193.23,squad,8.01,175.354
crag,0.8602,False,821.011,squad,8.01,175.354
raptor_2l,0.5638,False,2299.243,squad,8.01,175.354
hcpc_v2,0.8119,False,751.087,squad,8.01,175.354
crag,0.8119,False,378.237,squad,8.01,175.354
raptor_2l,0.8119,False,745.445,squad,8.01,175.354
hcpc_v2,0.6599,False,2186.601,squad,8.01,175.354
crag,0.7522,False,936.513,squad,8.01,175.354
raptor_2l,0.7482,False,1210.828,squad,8.01,175.354
hcpc_v2,0.6436,False,2017.301,squad,8.01,175.354
crag,0.629,False,3971.783,squad,8.01,175.354
raptor_2l,0.6771,False,4287.982,squad,8.01,175.354
hcpc_v2,0.7137,False,1654.223,squad,8.01,175.354
crag,0.6,False,1612.788,squad,8.01,175.354
raptor_2l,1.0,False,655.464,squad,8.01,175.354
hcpc_v2,0.4422,True,2109.974,squad,8.01,175.354
crag,0.4422,True,1635.294,squad,8.01,175.354
raptor_2l,0.6616,False,818.806,squad,8.01,175.354
hcpc_v2,0.611,False,3079.851,squad,8.01,175.354
crag,0.731,False,2146.253,squad,8.01,175.354
raptor_2l,0.6025,False,3728.552,squad,8.01,175.354
hcpc_v2,0.9901,False,1433.339,squad,8.01,175.354
crag,0.8892,False,1195.19,squad,8.01,175.354
raptor_2l,0.8296,False,1170.719,squad,8.01,175.354
hcpc_v2,0.9397,False,1435.653,squad,8.01,175.354
crag,0.513,False,2888.623,squad,8.01,175.354
raptor_2l,0.5501,False,3119.265,squad,8.01,175.354
hcpc_v2,0.6876,False,1894.169,squad,8.01,175.354
crag,0.9943,False,661.164,squad,8.01,175.354
raptor_2l,0.6876,False,1933.958,squad,8.01,175.354
hcpc_v2,1.0,False,654.102,squad,8.01,175.354
crag,1.0,False,484.245,squad,8.01,175.354
raptor_2l,1.0,False,963.788,squad,8.01,175.354
hcpc_v2,0.6206,False,1581.615,squad,8.01,175.354
crag,0.6206,False,1170.897,squad,8.01,175.354
raptor_2l,0.6206,False,1731.43,squad,8.01,175.354
hcpc_v2,0.9676,False,1249.777,squad,8.01,175.354
crag,0.9676,False,1212.022,squad,8.01,175.354
raptor_2l,1.0,False,858.608,squad,8.01,175.354
hcpc_v2,0.9434,False,1161.835,squad,8.01,175.354
crag,0.7684,False,2169.276,squad,8.01,175.354
raptor_2l,0.9434,False,1664.194,squad,8.01,175.354
hcpc_v2,0.7363,False,1459.814,squad,8.01,175.354
crag,0.6197,False,580.87,squad,8.01,175.354
raptor_2l,0.3852,True,4439.162,squad,8.01,175.354
hcpc_v2,0.8206,False,1225.259,squad,8.01,175.354
crag,0.8447,False,1027.746,squad,8.01,175.354
raptor_2l,0.8447,False,1557.549,squad,8.01,175.354
hcpc_v2,0.6346,False,1456.872,squad,8.01,175.354
crag,0.6802,False,1437.906,squad,8.01,175.354
raptor_2l,0.6346,False,1734.127,squad,8.01,175.354
hcpc_v2,1.0,False,659.341,squad,8.01,175.354
crag,1.0,False,591.2,squad,8.01,175.354
raptor_2l,1.0,False,942.479,squad,8.01,175.354
hcpc_v2,1.0,False,354.731,squad,8.01,175.354
crag,1.0,False,555.328,squad,8.01,175.354
raptor_2l,0.8951,False,1564.112,squad,8.01,175.354
hcpc_v2,0.718,False,1094.094,squad,8.01,175.354
crag,0.718,False,1100.553,squad,8.01,175.354
raptor_2l,0.7873,False,1594.013,squad,8.01,175.354
hcpc_v2,0.8375,False,1162.263,squad,8.01,175.354
crag,0.8375,False,1003.073,squad,8.01,175.354
raptor_2l,1.0,False,960.272,squad,8.01,175.354
hcpc_v2,0.5988,False,1623.094,squad,8.01,175.354
crag,0.5988,False,1225.95,squad,8.01,175.354
raptor_2l,0.5988,False,1775.153,squad,8.01,175.354
hcpc_v2,1.0,False,607.015,squad,8.01,175.354
crag,0.6487,False,1109.36,squad,8.01,175.354
raptor_2l,1.0,False,929.741,squad,8.01,175.354
hcpc_v2,0.767,False,2637.939,squad,8.01,175.354
crag,0.7786,False,2353.343,squad,8.01,175.354
raptor_2l,0.7489,False,2357.874,squad,8.01,175.354
hcpc_v2,0.7987,False,1188.819,squad,8.01,175.354
crag,0.7756,False,857.846,squad,8.01,175.354
raptor_2l,0.7234,False,1026.518,squad,8.01,175.354
hcpc_v2,0.5744,False,4220.932,squad,8.01,175.354
crag,0.461,True,4228.095,squad,8.01,175.354
raptor_2l,0.395,True,2383.414,squad,8.01,175.354
hcpc_v2,0.9676,False,1245.825,squad,8.01,175.354
crag,0.9676,False,1204.834,squad,8.01,175.354
raptor_2l,1.0,False,879.5,squad,8.01,175.354
hcpc_v2,0.7582,False,686.097,squad,8.01,175.354
crag,0.7582,False,582.469,squad,8.01,175.354
raptor_2l,0.7582,False,1106.082,squad,8.01,175.354
hcpc_v2,0.9132,False,790.431,squad,8.01,175.354
crag,0.9132,False,639.094,squad,8.01,175.354
raptor_2l,0.9132,False,1031.066,squad,8.01,175.354
hcpc_v2,0.9541,False,1353.057,squad,8.01,175.354
crag,0.9541,False,1205.254,squad,8.01,175.354
raptor_2l,0.8645,False,1445.254,squad,8.01,175.354
hcpc_v2,0.873,False,1006.451,squad,8.01,175.354
crag,0.8625,False,1235.823,squad,8.01,175.354
raptor_2l,0.873,False,1513.122,squad,8.01,175.354
hcpc_v2,0.7152,False,1453.141,squad,8.01,175.354
crag,0.6197,False,552.033,squad,8.01,175.354
raptor_2l,0.7152,False,1802.066,squad,8.01,175.354
hcpc_v2,0.3593,True,1895.335,squad,8.01,175.354
crag,0.3593,True,1453.219,squad,8.01,175.354
raptor_2l,0.3593,True,1939.642,squad,8.01,175.354
hcpc_v2,0.9369,False,1734.213,squad,8.01,175.354
crag,0.9369,False,1571.175,squad,8.01,175.354
raptor_2l,0.8608,False,1376.391,squad,8.01,175.354
hcpc_v2,0.7582,False,663.213,squad,8.01,175.354
crag,0.6547,False,2079.186,squad,8.01,175.354
raptor_2l,0.7582,False,984.208,squad,8.01,175.354
hcpc_v2,0.9372,False,1144.742,squad,8.01,175.354
crag,1.0,False,561.587,squad,8.01,175.354
raptor_2l,0.9372,False,1434.12,squad,8.01,175.354
hcpc_v2,0.5205,False,598.356,squad,8.01,175.354
crag,0.5205,False,218.982,squad,8.01,175.354
raptor_2l,0.5205,False,633.991,squad,8.01,175.354
hcpc_v2,0.4664,True,2602.331,squad,8.01,175.354
crag,0.6109,False,2457.245,squad,8.01,175.354
raptor_2l,0.6293,False,922.161,squad,8.01,175.354
hcpc_v2,0.7634,False,1876.168,squad,8.01,175.354
crag,0.4789,True,2115.69,squad,8.01,175.354
raptor_2l,0.4789,True,2662.028,squad,8.01,175.354
hcpc_v2,0.7347,False,1654.235,squad,8.01,175.354
crag,0.8826,False,942.694,squad,8.01,175.354
raptor_2l,0.6989,False,2191.231,squad,8.01,175.354
hcpc_v2,0.7578,False,1374.524,squad,8.01,175.354
crag,0.8713,False,1208.007,squad,8.01,175.354
raptor_2l,0.7947,False,1606.189,squad,8.01,175.354
hcpc_v2,0.7239,False,1631.309,squad,8.01,175.354
crag,0.5205,False,223.378,squad,8.01,175.354
raptor_2l,0.5205,False,633.166,squad,8.01,175.354
hcpc_v2,0.62,False,1090.167,squad,8.01,175.354
crag,0.8653,False,1270.636,squad,8.01,175.354
raptor_2l,0.6783,False,2034.827,squad,8.01,175.354
hcpc_v2,0.6585,False,1391.39,squad,8.01,175.354
crag,0.9248,False,877.065,squad,8.01,175.354
raptor_2l,0.7054,False,1898.394,squad,8.01,175.354
hcpc_v2,0.7571,False,3038.918,squad,8.01,175.354
crag,0.8008,False,650.026,squad,8.01,175.354
raptor_2l,0.6835,False,1989.334,squad,8.01,175.354
hcpc_v2,0.8227,False,516.11,squad,8.01,175.354
crag,0.8574,False,1029.009,squad,8.01,175.354
raptor_2l,0.8227,False,918.021,squad,8.01,175.354
hcpc_v2,0.7129,False,2935.177,squad,8.01,175.354
crag,0.5146,False,2494.55,squad,8.01,175.354
raptor_2l,0.5777,False,3390.286,squad,8.01,175.354
hcpc_v2,0.6888,False,1616.495,squad,8.01,175.354
crag,0.7092,False,1247.557,squad,8.01,175.354
raptor_2l,0.6598,False,2143.089,squad,8.01,175.354
hcpc_v2,0.6876,False,2357.844,squad,8.01,175.354
crag,0.6682,False,942.809,squad,8.01,175.354
raptor_2l,0.6381,False,2701.455,squad,8.01,175.354
hcpc_v2,0.6828,False,1664.196,squad,8.01,175.354
crag,0.4578,True,1864.262,squad,8.01,175.354
raptor_2l,0.6274,False,1858.115,squad,8.01,175.354
hcpc_v2,0.5752,False,3544.355,squad,8.01,175.354
crag,0.5146,False,3146.114,squad,8.01,175.354
raptor_2l,0.3381,True,1911.008,squad,8.01,175.354
hcpc_v2,0.467,True,2670.455,squad,8.01,175.354
crag,0.9141,False,2105.32,squad,8.01,175.354
raptor_2l,0.6719,False,1444.732,squad,8.01,175.354
hcpc_v2,0.5799,False,515.559,squad,8.01,175.354
crag,0.6393,False,1211.026,squad,8.01,175.354
raptor_2l,0.5799,False,988.389,squad,8.01,175.354
hcpc_v2,0.4458,True,1934.047,squad,8.01,175.354
crag,0.6178,False,2879.418,squad,8.01,175.354
raptor_2l,0.4866,True,2277.316,squad,8.01,175.354
hcpc_v2,0.5698,False,673.47,squad,8.01,175.354
crag,0.3946,True,1659.5,squad,8.01,175.354
raptor_2l,0.5698,False,1105.505,squad,8.01,175.354
hcpc_v2,0.8043,False,2139.184,squad,8.01,175.354
crag,0.8043,False,1688.953,squad,8.01,175.354
raptor_2l,0.78,False,1856.119,squad,8.01,175.354
hcpc_v2,0.7636,False,1166.886,squad,8.01,175.354
crag,0.7204,False,1042.759,squad,8.01,175.354
raptor_2l,0.7636,False,1499.169,squad,8.01,175.354
hcpc_v2,0.6218,False,1548.408,squad,8.01,175.354
crag,0.5442,False,1951.601,squad,8.01,175.354
raptor_2l,0.5422,False,1878.111,squad,8.01,175.354
hcpc_v2,0.5698,False,564.753,squad,8.01,175.354
crag,0.5698,False,245.839,squad,8.01,175.354
raptor_2l,0.5698,False,792.49,squad,8.01,175.354
hcpc_v2,0.3211,True,2228.714,squad,8.01,175.354
crag,0.4732,True,2143.744,squad,8.01,175.354
raptor_2l,0.4733,True,1817.654,squad,8.01,175.354
hcpc_v2,0.5799,False,749.322,squad,8.01,175.354
crag,0.5799,False,602.994,squad,8.01,175.354
raptor_2l,0.5799,False,1034.881,squad,8.01,175.354
hcpc_v2,0.6498,False,2270.657,squad,8.01,175.354
crag,0.5534,False,2053.932,squad,8.01,175.354
raptor_2l,0.5085,False,4075.539,squad,8.01,175.354
hcpc_v2,0.707,False,1746.013,squad,8.01,175.354
crag,0.7942,False,601.369,squad,8.01,175.354
raptor_2l,0.6817,False,2273.266,squad,8.01,175.354
hcpc_v2,0.5799,False,822.442,squad,8.01,175.354
crag,0.5799,False,677.42,squad,8.01,175.354
raptor_2l,0.5799,False,1065.804,squad,8.01,175.354
hcpc_v2,0.7968,False,1494.336,squad,8.01,175.354
crag,0.7932,False,1503.577,squad,8.01,175.354
raptor_2l,0.7968,False,2032.245,squad,8.01,175.354
hcpc_v2,0.5849,False,1710.133,squad,8.01,175.354
crag,0.7238,False,907.244,squad,8.01,175.354
raptor_2l,0.6073,False,1881.524,squad,8.01,175.354
hcpc_v2,0.8065,False,1880.741,squad,8.01,175.354
crag,0.7548,False,1572.364,squad,8.01,175.354
raptor_2l,0.746,False,2399.232,squad,8.01,175.354
hcpc_v2,0.8065,False,1613.86,squad,8.01,175.354
crag,0.8065,False,1937.675,squad,8.01,175.354
raptor_2l,0.746,False,2397.696,squad,8.01,175.354
hcpc_v2,0.7051,False,1248.906,squad,8.01,175.354
crag,0.7051,False,1165.984,squad,8.01,175.354
raptor_2l,0.7051,False,1673.264,squad,8.01,175.354
hcpc_v2,0.7354,False,1059.274,squad,8.01,175.354
crag,0.7354,False,767.424,squad,8.01,175.354
raptor_2l,0.7802,False,1392.383,squad,8.01,175.354
hcpc_v2,0.7408,False,1353.827,squad,8.01,175.354
crag,0.7408,False,1142.624,squad,8.01,175.354
raptor_2l,0.7361,False,1712.59,squad,8.01,175.354
hcpc_v2,0.6347,False,765.523,squad,8.01,175.354
crag,0.6347,False,439.511,squad,8.01,175.354
raptor_2l,0.6347,False,885.875,squad,8.01,175.354
hcpc_v2,0.4885,True,2247.973,squad,8.01,175.354
crag,0.4885,True,1915.995,squad,8.01,175.354
raptor_2l,0.5667,False,929.059,squad,8.01,175.354
hcpc_v2,0.7158,False,1942.295,squad,8.01,175.354
crag,0.8002,False,1893.135,squad,8.01,175.354
raptor_2l,0.8012,False,2039.615,squad,8.01,175.354
hcpc_v2,0.5672,False,2314.938,squad,8.01,175.354
crag,0.4767,True,3282.244,squad,8.01,175.354
raptor_2l,0.467,True,2381.751,squad,8.01,175.354
hcpc_v2,0.7891,False,1553.398,squad,8.01,175.354
crag,0.7121,False,2317.306,squad,8.01,175.354
raptor_2l,0.5522,False,2289.878,squad,8.01,175.354
hcpc_v2,0.7681,False,1333.74,squad,8.01,175.354
crag,0.5209,False,3143.376,squad,8.01,175.354
raptor_2l,0.7942,False,2357.663,squad,8.01,175.354
hcpc_v2,0.5497,False,1929.595,squad,8.01,175.354
crag,0.4646,True,2630.769,squad,8.01,175.354
raptor_2l,0.3243,True,2548.471,squad,8.01,175.354
hcpc_v2,0.702,False,1442.546,squad,8.01,175.354
crag,0.702,False,1097.534,squad,8.01,175.354
raptor_2l,0.702,False,1565.475,squad,8.01,175.354
hcpc_v2,0.5344,False,558.1,squad,8.01,175.354
crag,0.5344,False,285.29,squad,8.01,175.354
raptor_2l,0.53,False,3106.938,squad,8.01,175.354
hcpc_v2,0.6542,False,2216.011,squad,8.01,175.354
crag,0.6231,False,1842.802,squad,8.01,175.354
raptor_2l,0.6111,False,2954.208,squad,8.01,175.354
hcpc_v2,0.6134,False,2243.999,squad,8.01,175.354
crag,0.5554,False,2446.99,squad,8.01,175.354
raptor_2l,0.4526,True,1918.685,squad,8.01,175.354
hcpc_v2,0.5344,False,493.327,squad,8.01,175.354
crag,0.5344,False,362.658,squad,8.01,175.354
raptor_2l,0.5344,False,901.796,squad,8.01,175.354
hcpc_v2,0.7418,False,1475.006,squad,8.01,175.354
crag,0.7418,False,1168.28,squad,8.01,175.354
raptor_2l,0.7418,False,1533.112,squad,8.01,175.354
hcpc_v2,0.446,True,2890.555,squad,8.01,175.354
crag,0.2621,True,1147.083,squad,8.01,175.354
raptor_2l,0.2621,True,1819.515,squad,8.01,175.354
hcpc_v2,0.4926,True,5398.278,squad,8.01,175.354
crag,0.3698,True,5745.243,squad,8.01,175.354
raptor_2l,0.7214,False,1511.641,squad,8.01,175.354
hcpc_v2,0.7963,False,1182.142,squad,8.01,175.354
crag,0.7963,False,889.059,squad,8.01,175.354
raptor_2l,0.7327,False,1617.109,squad,8.01,175.354
hcpc_v2,0.4904,True,998.434,squad,8.01,175.354
crag,0.4904,True,719.628,squad,8.01,175.354
raptor_2l,0.4904,True,1295.841,squad,8.01,175.354
hcpc_v2,0.3501,True,2049.762,squad,8.01,175.354
crag,0.6487,False,823.556,squad,8.01,175.354
raptor_2l,1.0,False,839.626,squad,8.01,175.354
hcpc_v2,0.7126,False,1885.015,squad,8.01,175.354
crag,0.7532,False,1348.653,squad,8.01,175.354
raptor_2l,0.5401,False,2344.188,squad,8.01,175.354
hcpc_v2,0.7744,False,904.749,squad,8.01,175.354
crag,0.7744,False,663.095,squad,8.01,175.354
raptor_2l,0.6279,False,1843.122,squad,8.01,175.354
hcpc_v2,0.4581,True,2968.207,squad,8.01,175.354
crag,0.6831,False,2889.553,squad,8.01,175.354
raptor_2l,0.5724,False,3436.429,squad,8.01,175.354
hcpc_v2,0.3501,True,2089.155,squad,8.01,175.354
crag,0.6487,False,851.679,squad,8.01,175.354
raptor_2l,1.0,False,874.66,squad,8.01,175.354
hcpc_v2,0.5796,False,2002.526,squad,8.01,175.354
crag,0.6983,False,1922.544,squad,8.01,175.354
raptor_2l,0.495,True,2274.65,squad,8.01,175.354
hcpc_v2,0.6763,False,2079.426,squad,8.01,175.354
crag,0.6132,False,5677.095,squad,8.01,175.354
raptor_2l,1.0,False,875.581,squad,8.01,175.354
hcpc_v2,0.4198,True,3651.081,squad,8.01,175.354
crag,0.4275,True,2260.486,squad,8.01,175.354
raptor_2l,0.5153,False,4696.127,squad,8.01,175.354
hcpc_v2,0.7373,False,1737.989,squad,8.01,175.354
crag,0.7889,False,827.914,squad,8.01,175.354
raptor_2l,0.4755,True,1456.0,squad,8.01,175.354
hcpc_v2,0.4916,True,3791.644,squad,8.01,175.354
crag,0.3892,True,5105.148,squad,8.01,175.354
raptor_2l,1.0,False,991.543,squad,8.01,175.354
hcpc_v2,0.5914,False,1686.72,squad,8.01,175.354
crag,0.5914,False,1791.204,squad,8.01,175.354
raptor_2l,0.8944,False,2360.455,squad,8.01,175.354
hcpc_v2,0.868,False,1104.119,squad,8.01,175.354
crag,0.868,False,917.95,squad,8.01,175.354
raptor_2l,0.7821,False,1755.016,squad,8.01,175.354
hcpc_v2,0.6546,False,5520.501,squad,8.01,175.354
crag,0.715,False,4415.866,squad,8.01,175.354
raptor_2l,0.8107,False,1756.867,squad,8.01,175.354
hcpc_v2,0.5218,False,1468.275,squad,8.01,175.354
crag,0.7441,False,662.13,squad,8.01,175.354
raptor_2l,0.4904,True,1260.317,squad,8.01,175.354
hcpc_v2,0.6025,False,1556.727,squad,8.01,175.354
crag,0.6025,False,1426.746,squad,8.01,175.354
raptor_2l,0.6093,False,2161.541,squad,8.01,175.354
hcpc_v2,0.8166,False,2405.006,squad,8.01,175.354
crag,0.7479,False,3037.193,squad,8.01,175.354
raptor_2l,0.7217,False,2985.616,squad,8.01,175.354
hcpc_v2,0.6587,False,4373.169,squad,8.01,175.354
crag,0.6893,False,2999.006,squad,8.01,175.354
raptor_2l,0.7159,False,3616.648,squad,8.01,175.354
hcpc_v2,0.4571,True,1557.178,squad,8.01,175.354
crag,0.4904,True,726.752,squad,8.01,175.354
raptor_2l,0.4904,True,1279.304,squad,8.01,175.354
hcpc_v2,0.3412,True,2077.651,squad,8.01,175.354
crag,0.7924,False,769.062,squad,8.01,175.354
raptor_2l,1.0,False,860.755,squad,8.01,175.354
hcpc_v2,0.749,False,1392.87,squad,8.01,175.354
crag,0.655,False,3585.256,squad,8.01,175.354
raptor_2l,0.6088,False,1780.422,squad,8.01,175.354
hcpc_v2,0.5381,False,2759.062,squad,8.01,175.354
crag,0.529,False,2515.209,squad,8.01,175.354
raptor_2l,0.6983,False,2498.365,squad,8.01,175.354
hcpc_v2,0.4156,True,1206.046,squad,8.01,175.354
crag,0.4201,True,1048.743,squad,8.01,175.354
raptor_2l,0.3252,True,1100.893,squad,8.01,175.354
hcpc_v2,0.6324,False,1381.309,squad,8.01,175.354
crag,0.6054,False,1024.904,squad,8.01,175.354
raptor_2l,0.6455,False,1514.815,squad,8.01,175.354
hcpc_v2,0.463,True,2883.173,squad,8.01,175.354
crag,0.6934,False,1571.756,squad,8.01,175.354
raptor_2l,0.7239,False,1323.784,squad,8.01,175.354
hcpc_v2,0.6293,False,525.305,squad,8.01,175.354
crag,0.6293,False,674.179,squad,8.01,175.354
raptor_2l,0.6293,False,923.253,squad,8.01,175.354
hcpc_v2,0.6815,False,2237.928,squad,8.01,175.354
crag,0.6815,False,1950.081,squad,8.01,175.354
raptor_2l,0.6163,False,1869.247,squad,8.01,175.354
hcpc_v2,0.6068,False,2136.281,squad,8.01,175.354
crag,0.6068,False,1896.227,squad,8.01,175.354
raptor_2l,0.4845,True,1714.26,squad,8.01,175.354
hcpc_v2,0.3651,True,1674.028,squad,8.01,175.354
crag,0.6836,False,502.187,squad,8.01,175.354
raptor_2l,0.5292,False,1440.305,squad,8.01,175.354
hcpc_v2,0.6459,False,1644.271,squad,8.01,175.354
crag,0.6459,False,1288.76,squad,8.01,175.354
raptor_2l,0.5927,False,4934.632,squad,8.01,175.354
hcpc_v2,0.5847,False,1209.65,squad,8.01,175.354
crag,0.6042,False,1147.364,squad,8.01,175.354
raptor_2l,0.6042,False,1531.193,squad,8.01,175.354
hcpc_v2,0.4849,True,2301.565,squad,8.01,175.354
crag,0.4849,True,2107.849,squad,8.01,175.354
raptor_2l,0.8362,False,1162.58,squad,8.01,175.354
hcpc_v2,0.6875,False,1152.568,squad,8.01,175.354
crag,0.6332,False,839.588,squad,8.01,175.354
raptor_2l,0.8606,False,1157.099,squad,8.01,175.354
hcpc_v2,0.6403,False,1907.124,squad,8.01,175.354
crag,0.696,False,1473.891,squad,8.01,175.354
raptor_2l,0.5804,False,1917.54,squad,8.01,175.354
hcpc_v2,0.649,False,1326.525,squad,8.01,175.354
crag,0.5068,False,1228.094,squad,8.01,175.354
raptor_2l,0.4187,True,2325.783,squad,8.01,175.354
hcpc_v2,0.6011,False,1266.572,squad,8.01,175.354
crag,0.6011,False,1204.069,squad,8.01,175.354
raptor_2l,0.6011,False,1567.281,squad,8.01,175.354
hcpc_v2,0.3595,True,1388.186,squad,8.01,175.354
crag,0.3804,True,1047.855,squad,8.01,175.354
raptor_2l,0.3595,True,1309.747,squad,8.01,175.354
hcpc_v2,0.5496,False,1678.826,squad,8.01,175.354
crag,0.5872,False,2039.138,squad,8.01,175.354
raptor_2l,0.5111,False,1956.762,squad,8.01,175.354
hcpc_v2,0.7022,False,1872.882,squad,8.01,175.354
crag,0.7126,False,2671.261,squad,8.01,175.354
raptor_2l,0.7353,False,2030.646,squad,8.01,175.354
hcpc_v2,0.2722,True,760.144,squad,8.01,175.354
crag,0.2722,True,708.57,squad,8.01,175.354
raptor_2l,0.4529,True,1479.262,squad,8.01,175.354
hcpc_v2,0.7025,False,1753.531,squad,8.01,175.354
crag,0.7747,False,1212.644,squad,8.01,175.354
raptor_2l,0.6191,False,779.881,squad,8.01,175.354
hcpc_v2,0.5218,False,1703.547,squad,8.01,175.354
crag,0.4983,True,1269.918,squad,8.01,175.354
raptor_2l,0.4983,True,1806.163,squad,8.01,175.354
hcpc_v2,0.656,False,1184.303,squad,8.01,175.354
crag,0.6001,False,2020.783,squad,8.01,175.354
raptor_2l,0.5626,False,2817.018,squad,8.01,175.354
hcpc_v2,0.8256,False,6043.946,hotpotqa,7.967,134.013
crag,0.7146,False,4248.714,hotpotqa,7.967,134.013
raptor_2l,0.6219,False,3989.401,hotpotqa,7.967,134.013
hcpc_v2,0.4984,True,1369.87,hotpotqa,7.967,134.013
crag,0.4984,True,1353.5,hotpotqa,7.967,134.013
raptor_2l,0.4842,True,1633.105,hotpotqa,7.967,134.013
hcpc_v2,0.7654,False,2460.304,hotpotqa,7.967,134.013
crag,1.0,False,330.53,hotpotqa,7.967,134.013
raptor_2l,0.9068,False,1751.822,hotpotqa,7.967,134.013
hcpc_v2,0.6697,False,2372.768,hotpotqa,7.967,134.013
crag,0.66,False,1083.353,hotpotqa,7.967,134.013
raptor_2l,0.7278,False,1538.146,hotpotqa,7.967,134.013
hcpc_v2,0.6323,False,1838.932,hotpotqa,7.967,134.013
crag,0.7317,False,964.436,hotpotqa,7.967,134.013
raptor_2l,0.519,False,1015.107,hotpotqa,7.967,134.013
hcpc_v2,0.6949,False,1968.027,hotpotqa,7.967,134.013
crag,0.6949,False,1539.329,hotpotqa,7.967,134.013
raptor_2l,0.6156,False,1994.537,hotpotqa,7.967,134.013
hcpc_v2,0.4162,True,3400.1,hotpotqa,7.967,134.013
crag,0.7436,False,2867.219,hotpotqa,7.967,134.013
raptor_2l,0.4322,True,3604.263,hotpotqa,7.967,134.013
hcpc_v2,0.5213,False,1905.276,hotpotqa,7.967,134.013
crag,0.5079,False,1394.122,hotpotqa,7.967,134.013
raptor_2l,0.5531,False,1161.371,hotpotqa,7.967,134.013
hcpc_v2,0.6932,False,1149.544,hotpotqa,7.967,134.013
crag,0.6932,False,1093.235,hotpotqa,7.967,134.013
raptor_2l,0.6932,False,1590.8,hotpotqa,7.967,134.013
hcpc_v2,0.5753,False,1469.7,hotpotqa,7.967,134.013
crag,0.5753,False,1141.09,hotpotqa,7.967,134.013
raptor_2l,0.6761,False,2633.628,hotpotqa,7.967,134.013
hcpc_v2,0.5854,False,2578.985,hotpotqa,7.967,134.013
crag,0.7696,False,1206.035,hotpotqa,7.967,134.013
raptor_2l,0.4801,True,4973.495,hotpotqa,7.967,134.013
hcpc_v2,0.5729,False,3185.436,hotpotqa,7.967,134.013
crag,0.5729,False,3062.321,hotpotqa,7.967,134.013
raptor_2l,0.3286,True,3759.213,hotpotqa,7.967,134.013
hcpc_v2,0.5663,False,2820.509,hotpotqa,7.967,134.013
crag,0.276,True,1989.586,hotpotqa,7.967,134.013
raptor_2l,0.5172,False,3142.129,hotpotqa,7.967,134.013
hcpc_v2,0.6796,False,1600.305,hotpotqa,7.967,134.013
crag,0.6286,False,1224.63,hotpotqa,7.967,134.013
raptor_2l,0.7128,False,1977.946,hotpotqa,7.967,134.013
hcpc_v2,0.5395,False,2145.943,hotpotqa,7.967,134.013
crag,0.4327,True,2018.368,hotpotqa,7.967,134.013
raptor_2l,0.5561,False,3976.088,hotpotqa,7.967,134.013
hcpc_v2,0.6114,False,1984.767,hotpotqa,7.967,134.013
crag,0.6114,False,1668.376,hotpotqa,7.967,134.013
raptor_2l,0.6114,False,2141.189,hotpotqa,7.967,134.013
hcpc_v2,0.6879,False,3701.185,hotpotqa,7.967,134.013
crag,0.567,False,1467.631,hotpotqa,7.967,134.013
raptor_2l,0.6045,False,3768.188,hotpotqa,7.967,134.013
hcpc_v2,0.4797,True,1832.968,hotpotqa,7.967,134.013
crag,0.5213,False,3081.692,hotpotqa,7.967,134.013
raptor_2l,0.3971,True,3769.806,hotpotqa,7.967,134.013
hcpc_v2,0.6413,False,2332.512,hotpotqa,7.967,134.013
crag,0.6413,False,2245.09,hotpotqa,7.967,134.013
raptor_2l,0.632,False,1815.095,hotpotqa,7.967,134.013
hcpc_v2,0.78,False,2783.839,hotpotqa,7.967,134.013
crag,0.78,False,2563.452,hotpotqa,7.967,134.013
raptor_2l,0.6315,False,5073.081,hotpotqa,7.967,134.013
hcpc_v2,0.6872,False,2083.753,hotpotqa,7.967,134.013
crag,0.7553,False,2121.661,hotpotqa,7.967,134.013
raptor_2l,0.7059,False,2563.488,hotpotqa,7.967,134.013
hcpc_v2,0.5569,False,1962.926,hotpotqa,7.967,134.013
crag,0.5569,False,1876.42,hotpotqa,7.967,134.013
raptor_2l,0.5788,False,2465.958,hotpotqa,7.967,134.013
hcpc_v2,0.5051,False,1745.471,hotpotqa,7.967,134.013
crag,0.6917,False,1838.842,hotpotqa,7.967,134.013
raptor_2l,0.5826,False,3000.252,hotpotqa,7.967,134.013
hcpc_v2,0.564,False,1004.369,hotpotqa,7.967,134.013
crag,0.564,False,768.943,hotpotqa,7.967,134.013
raptor_2l,0.5848,False,1453.367,hotpotqa,7.967,134.013
hcpc_v2,0.7526,False,1551.504,hotpotqa,7.967,134.013
crag,0.7526,False,1406.829,hotpotqa,7.967,134.013
raptor_2l,0.7223,False,2373.616,hotpotqa,7.967,134.013
hcpc_v2,0.6528,False,3177.491,hotpotqa,7.967,134.013
crag,0.5196,False,3838.525,hotpotqa,7.967,134.013
raptor_2l,0.5936,False,852.54,hotpotqa,7.967,134.013
hcpc_v2,0.4787,True,855.141,hotpotqa,7.967,134.013
crag,0.4787,True,838.005,hotpotqa,7.967,134.013
raptor_2l,0.7435,False,2023.46,hotpotqa,7.967,134.013
hcpc_v2,0.4778,True,2155.045,hotpotqa,7.967,134.013
crag,0.732,False,1316.681,hotpotqa,7.967,134.013
raptor_2l,0.6628,False,1388.497,hotpotqa,7.967,134.013
hcpc_v2,0.7355,False,3547.785,hotpotqa,7.967,134.013
crag,0.642,False,1362.945,hotpotqa,7.967,134.013
raptor_2l,0.7657,False,2113.719,hotpotqa,7.967,134.013
hcpc_v2,0.6455,False,2955.58,hotpotqa,7.967,134.013
crag,0.5715,False,2872.262,hotpotqa,7.967,134.013
raptor_2l,0.4519,True,3101.518,hotpotqa,7.967,134.013
hcpc_v2,0.6126,False,2347.209,hotpotqa,7.967,134.013
crag,0.6828,False,2294.04,hotpotqa,7.967,134.013
raptor_2l,0.5267,False,4635.98,hotpotqa,7.967,134.013
hcpc_v2,0.6755,False,2028.241,hotpotqa,7.967,134.013
crag,0.6612,False,4002.143,hotpotqa,7.967,134.013
raptor_2l,0.5326,False,1871.659,hotpotqa,7.967,134.013
hcpc_v2,0.6435,False,2129.08,hotpotqa,7.967,134.013
crag,0.6306,False,1108.034,hotpotqa,7.967,134.013
raptor_2l,0.47,True,2777.447,hotpotqa,7.967,134.013
hcpc_v2,0.5936,False,2434.415,hotpotqa,7.967,134.013
crag,0.5668,False,2274.872,hotpotqa,7.967,134.013
raptor_2l,0.6733,False,2353.944,hotpotqa,7.967,134.013
hcpc_v2,0.6414,False,2283.105,hotpotqa,7.967,134.013
crag,0.7339,False,1762.168,hotpotqa,7.967,134.013
raptor_2l,0.6971,False,2773.425,hotpotqa,7.967,134.013
hcpc_v2,0.8109,False,2568.741,hotpotqa,7.967,134.013
crag,0.892,False,2141.349,hotpotqa,7.967,134.013
raptor_2l,0.5827,False,2536.188,hotpotqa,7.967,134.013
hcpc_v2,0.5279,False,439.966,hotpotqa,7.967,134.013
crag,0.5279,False,244.49,hotpotqa,7.967,134.013
raptor_2l,0.5279,False,679.444,hotpotqa,7.967,134.013
hcpc_v2,0.7376,False,1637.331,hotpotqa,7.967,134.013
crag,0.7389,False,1493.042,hotpotqa,7.967,134.013
raptor_2l,0.7304,False,2095.188,hotpotqa,7.967,134.013
hcpc_v2,0.7133,False,1957.518,hotpotqa,7.967,134.013
crag,0.5531,False,2930.171,hotpotqa,7.967,134.013
raptor_2l,0.7178,False,2253.764,hotpotqa,7.967,134.013
hcpc_v2,0.5451,False,2120.9,hotpotqa,7.967,134.013
crag,0.7233,False,2145.402,hotpotqa,7.967,134.013
raptor_2l,1.0,False,1055.972,hotpotqa,7.967,134.013
hcpc_v2,0.4716,True,1667.524,hotpotqa,7.967,134.013
crag,0.5338,False,2487.578,hotpotqa,7.967,134.013
raptor_2l,0.6557,False,2210.439,hotpotqa,7.967,134.013
hcpc_v2,0.6244,False,2396.898,hotpotqa,7.967,134.013
crag,0.5993,False,2476.585,hotpotqa,7.967,134.013
raptor_2l,0.6963,False,2886.524,hotpotqa,7.967,134.013
hcpc_v2,0.7131,False,2920.315,hotpotqa,7.967,134.013
crag,0.7864,False,1845.702,hotpotqa,7.967,134.013
raptor_2l,0.7305,False,3440.475,hotpotqa,7.967,134.013
hcpc_v2,0.7236,False,2515.37,hotpotqa,7.967,134.013
crag,0.6687,False,2198.223,hotpotqa,7.967,134.013
raptor_2l,0.7257,False,2688.176,hotpotqa,7.967,134.013
hcpc_v2,0.7559,False,956.985,hotpotqa,7.967,134.013
crag,0.7559,False,518.692,hotpotqa,7.967,134.013
raptor_2l,0.7695,False,1962.511,hotpotqa,7.967,134.013
hcpc_v2,0.7423,False,1183.226,hotpotqa,7.967,134.013
crag,0.4634,True,1525.923,hotpotqa,7.967,134.013
raptor_2l,0.754,False,2158.465,hotpotqa,7.967,134.013
hcpc_v2,0.7126,False,1218.846,hotpotqa,7.967,134.013
crag,0.7825,False,1512.338,hotpotqa,7.967,134.013
raptor_2l,0.5531,False,1045.651,hotpotqa,7.967,134.013
hcpc_v2,0.7686,False,780.395,hotpotqa,7.967,134.013
crag,0.6339,False,2305.948,hotpotqa,7.967,134.013
raptor_2l,0.7457,False,1604.321,hotpotqa,7.967,134.013
hcpc_v2,0.7118,False,1354.108,hotpotqa,7.967,134.013
crag,0.7118,False,1187.294,hotpotqa,7.967,134.013
raptor_2l,0.531,False,1901.72,hotpotqa,7.967,134.013
hcpc_v2,0.6314,False,2169.475,hotpotqa,7.967,134.013
crag,0.6314,False,1844.293,hotpotqa,7.967,134.013
raptor_2l,0.5531,False,1394.116,hotpotqa,7.967,134.013
hcpc_v2,0.6972,False,2254.917,hotpotqa,7.967,134.013
crag,0.6972,False,1874.434,hotpotqa,7.967,134.013
raptor_2l,0.7185,False,2201.712,hotpotqa,7.967,134.013
hcpc_v2,0.7392,False,2640.358,hotpotqa,7.967,134.013
crag,0.556,False,2051.434,hotpotqa,7.967,134.013
raptor_2l,0.5549,False,3995.084,hotpotqa,7.967,134.013
hcpc_v2,0.5395,False,2229.554,hotpotqa,7.967,134.013
crag,0.5693,False,2333.348,hotpotqa,7.967,134.013
raptor_2l,0.4829,True,2732.431,hotpotqa,7.967,134.013
hcpc_v2,0.5663,False,2326.92,hotpotqa,7.967,134.013
crag,0.5663,False,2153.931,hotpotqa,7.967,134.013
raptor_2l,0.5786,False,2454.331,hotpotqa,7.967,134.013
hcpc_v2,0.5845,False,5544.623,hotpotqa,7.967,134.013
crag,0.4771,True,1494.779,hotpotqa,7.967,134.013
raptor_2l,0.7346,False,2791.666,hotpotqa,7.967,134.013
hcpc_v2,0.5048,False,5619.105,hotpotqa,7.967,134.013
crag,0.6147,False,2425.921,hotpotqa,7.967,134.013
raptor_2l,0.4593,True,3186.446,hotpotqa,7.967,134.013
hcpc_v2,0.5649,False,3135.997,hotpotqa,7.967,134.013
crag,0.5559,False,4870.577,hotpotqa,7.967,134.013
raptor_2l,0.5608,False,2960.409,hotpotqa,7.967,134.013
hcpc_v2,0.7489,False,2383.868,hotpotqa,7.967,134.013
crag,0.8008,False,1476.171,hotpotqa,7.967,134.013
raptor_2l,0.7489,False,2656.321,hotpotqa,7.967,134.013
hcpc_v2,0.7427,False,2727.801,hotpotqa,7.967,134.013
crag,0.5405,False,2425.83,hotpotqa,7.967,134.013
raptor_2l,0.6018,False,2982.235,hotpotqa,7.967,134.013
hcpc_v2,0.7664,False,1597.906,hotpotqa,7.967,134.013
crag,0.6552,False,2889.731,hotpotqa,7.967,134.013
raptor_2l,0.7664,False,1605.649,hotpotqa,7.967,134.013
hcpc_v2,0.8006,False,1563.442,hotpotqa,7.967,134.013
crag,0.9859,False,1568.047,hotpotqa,7.967,134.013
raptor_2l,0.4492,True,1931.525,hotpotqa,7.967,134.013
hcpc_v2,0.7836,False,2261.506,hotpotqa,7.967,134.013
crag,0.3949,True,1601.22,hotpotqa,7.967,134.013
raptor_2l,0.5706,False,2180.919,hotpotqa,7.967,134.013
hcpc_v2,0.5166,False,2748.471,hotpotqa,7.967,134.013
crag,0.6915,False,2060.977,hotpotqa,7.967,134.013
raptor_2l,0.5531,False,1593.021,hotpotqa,7.967,134.013
hcpc_v2,0.7631,False,1605.129,hotpotqa,7.967,134.013
crag,0.7631,False,1351.903,hotpotqa,7.967,134.013
raptor_2l,0.6244,False,1668.349,hotpotqa,7.967,134.013
hcpc_v2,0.4658,True,3763.607,hotpotqa,7.967,134.013
crag,0.4843,True,3150.835,hotpotqa,7.967,134.013
raptor_2l,0.4676,True,4683.886,hotpotqa,7.967,134.013
hcpc_v2,0.55,False,972.833,hotpotqa,7.967,134.013
crag,0.55,False,575.405,hotpotqa,7.967,134.013
raptor_2l,0.6919,False,1807.778,hotpotqa,7.967,134.013
hcpc_v2,0.6918,False,4184.614,hotpotqa,7.967,134.013
crag,0.707,False,2064.856,hotpotqa,7.967,134.013
raptor_2l,0.4613,True,3808.766,hotpotqa,7.967,134.013
hcpc_v2,0.5238,False,5182.338,hotpotqa,7.967,134.013
crag,0.5526,False,3604.285,hotpotqa,7.967,134.013
raptor_2l,0.4206,True,1695.061,hotpotqa,7.967,134.013
hcpc_v2,0.669,False,2621.416,hotpotqa,7.967,134.013
crag,0.521,False,2201.596,hotpotqa,7.967,134.013
raptor_2l,0.6755,False,1485.354,hotpotqa,7.967,134.013
hcpc_v2,0.831,False,1506.51,hotpotqa,7.967,134.013
crag,0.8344,False,1296.325,hotpotqa,7.967,134.013
raptor_2l,0.7002,False,3321.944,hotpotqa,7.967,134.013
hcpc_v2,0.4369,True,2056.031,hotpotqa,7.967,134.013
crag,0.602,False,2994.537,hotpotqa,7.967,134.013
raptor_2l,0.5547,False,4066.084,hotpotqa,7.967,134.013
hcpc_v2,0.6801,False,1848.762,hotpotqa,7.967,134.013
crag,0.6801,False,1589.573,hotpotqa,7.967,134.013
raptor_2l,0.6801,False,2008.229,hotpotqa,7.967,134.013
hcpc_v2,0.4573,True,2024.621,hotpotqa,7.967,134.013
crag,0.7411,False,1436.305,hotpotqa,7.967,134.013
raptor_2l,0.3952,True,2434.839,hotpotqa,7.967,134.013
hcpc_v2,0.7537,False,1837.607,hotpotqa,7.967,134.013
crag,0.5259,False,1850.53,hotpotqa,7.967,134.013
raptor_2l,0.7092,False,1965.617,hotpotqa,7.967,134.013
hcpc_v2,0.7392,False,2865.027,hotpotqa,7.967,134.013
crag,0.5651,False,4878.787,hotpotqa,7.967,134.013
raptor_2l,0.864,False,1666.492,hotpotqa,7.967,134.013
hcpc_v2,0.7146,False,882.462,hotpotqa,7.967,134.013
crag,0.7146,False,599.813,hotpotqa,7.967,134.013
raptor_2l,0.7099,False,4122.36,hotpotqa,7.967,134.013
hcpc_v2,0.6848,False,2871.892,hotpotqa,7.967,134.013
crag,0.6848,False,2637.758,hotpotqa,7.967,134.013
raptor_2l,0.8127,False,2627.987,hotpotqa,7.967,134.013
hcpc_v2,0.6807,False,2138.247,hotpotqa,7.967,134.013
crag,0.5764,False,1884.794,hotpotqa,7.967,134.013
raptor_2l,0.6599,False,2271.053,hotpotqa,7.967,134.013
hcpc_v2,0.6896,False,1964.254,hotpotqa,7.967,134.013
crag,0.7412,False,1405.47,hotpotqa,7.967,134.013
raptor_2l,0.7412,False,1993.904,hotpotqa,7.967,134.013
hcpc_v2,0.7026,False,1665.915,hotpotqa,7.967,134.013
crag,0.6924,False,1834.163,hotpotqa,7.967,134.013
raptor_2l,0.584,False,1712.152,hotpotqa,7.967,134.013
hcpc_v2,0.5596,False,1757.764,hotpotqa,7.967,134.013
crag,0.7492,False,1286.742,hotpotqa,7.967,134.013
raptor_2l,0.6024,False,1973.867,hotpotqa,7.967,134.013
hcpc_v2,0.5839,False,3029.525,hotpotqa,7.967,134.013
crag,0.5839,False,2960.255,hotpotqa,7.967,134.013
raptor_2l,0.4829,True,3348.087,hotpotqa,7.967,134.013
hcpc_v2,0.461,True,2798.928,hotpotqa,7.967,134.013
crag,0.5701,False,1407.555,hotpotqa,7.967,134.013
raptor_2l,0.639,False,1966.81,hotpotqa,7.967,134.013
hcpc_v2,0.6244,False,3884.263,hotpotqa,7.967,134.013
crag,0.6597,False,2486.939,hotpotqa,7.967,134.013
raptor_2l,0.636,False,2821.469,hotpotqa,7.967,134.013
hcpc_v2,0.55,False,3646.751,hotpotqa,7.967,134.013
crag,0.5491,False,3479.162,hotpotqa,7.967,134.013
raptor_2l,0.5059,False,2369.607,hotpotqa,7.967,134.013
hcpc_v2,0.6374,False,2127.636,hotpotqa,7.967,134.013
crag,0.6618,False,1930.858,hotpotqa,7.967,134.013
raptor_2l,0.645,False,2398.422,hotpotqa,7.967,134.013
hcpc_v2,0.6849,False,2233.959,hotpotqa,7.967,134.013
crag,0.4872,True,1361.871,hotpotqa,7.967,134.013
raptor_2l,0.6949,False,2176.899,hotpotqa,7.967,134.013
hcpc_v2,0.6713,False,2953.711,hotpotqa,7.967,134.013
crag,0.6713,False,2466.701,hotpotqa,7.967,134.013
raptor_2l,0.6306,False,2972.779,hotpotqa,7.967,134.013
hcpc_v2,0.5367,False,770.009,hotpotqa,7.967,134.013
crag,0.5367,False,637.828,hotpotqa,7.967,134.013
raptor_2l,0.5367,False,892.468,hotpotqa,7.967,134.013
hcpc_v2,0.5473,False,3449.16,hotpotqa,7.967,134.013
crag,0.9425,False,917.032,hotpotqa,7.967,134.013
raptor_2l,0.5915,False,4810.211,hotpotqa,7.967,134.013
hcpc_v2,0.6535,False,3710.038,hotpotqa,7.967,134.013
crag,0.4394,True,2090.186,hotpotqa,7.967,134.013
raptor_2l,0.6314,False,4040.934,hotpotqa,7.967,134.013
hcpc_v2,0.7213,False,2928.379,hotpotqa,7.967,134.013
crag,0.5722,False,4114.307,hotpotqa,7.967,134.013
raptor_2l,0.7263,False,943.463,hotpotqa,7.967,134.013
hcpc_v2,0.5453,False,2011.247,hotpotqa,7.967,134.013
crag,0.4772,True,1836.373,hotpotqa,7.967,134.013
raptor_2l,0.3708,True,1993.85,hotpotqa,7.967,134.013
hcpc_v2,0.6643,False,1944.373,hotpotqa,7.967,134.013
crag,0.5903,False,4070.903,hotpotqa,7.967,134.013
raptor_2l,0.6643,False,2152.572,hotpotqa,7.967,134.013
hcpc_v2,0.5234,False,2073.369,hotpotqa,7.967,134.013
crag,0.7223,False,1852.728,hotpotqa,7.967,134.013
raptor_2l,0.5051,False,2472.811,hotpotqa,7.967,134.013
hcpc_v2,0.7463,False,1937.113,hotpotqa,7.967,134.013
crag,0.7402,False,1831.56,hotpotqa,7.967,134.013
raptor_2l,0.5755,False,2051.944,hotpotqa,7.967,134.013
hcpc_v2,0.359,True,4158.458,hotpotqa,7.967,134.013
crag,0.6413,False,2189.601,hotpotqa,7.967,134.013
raptor_2l,0.5531,False,1419.098,hotpotqa,7.967,134.013
hcpc_v2,0.7352,False,2202.079,hotpotqa,7.967,134.013
crag,0.6736,False,2044.576,hotpotqa,7.967,134.013
raptor_2l,0.535,False,3152.207,hotpotqa,7.967,134.013
hcpc_v2,0.4937,True,2719.338,hotpotqa,7.967,134.013
crag,0.7083,False,643.953,hotpotqa,7.967,134.013
raptor_2l,0.3468,True,2008.977,hotpotqa,7.967,134.013
hcpc_v2,0.7869,False,4954.545,hotpotqa,7.967,134.013
crag,0.6953,False,3439.786,hotpotqa,7.967,134.013
raptor_2l,0.7779,False,3078.728,hotpotqa,7.967,134.013
hcpc_v2,0.5918,False,4270.035,hotpotqa,7.967,134.013
crag,0.4586,True,3168.248,hotpotqa,7.967,134.013
raptor_2l,0.7233,False,2172.811,hotpotqa,7.967,134.013
hcpc_v2,0.8574,False,1495.208,hotpotqa,7.967,134.013
crag,0.5112,False,4201.033,hotpotqa,7.967,134.013
raptor_2l,0.8814,False,2047.76,hotpotqa,7.967,134.013
hcpc_v2,0.6812,False,3291.626,hotpotqa,7.967,134.013
crag,0.6084,False,1547.918,hotpotqa,7.967,134.013
raptor_2l,0.5688,False,2656.592,hotpotqa,7.967,134.013
hcpc_v2,0.7343,False,1701.702,hotpotqa,7.967,134.013
crag,0.5646,False,1029.064,hotpotqa,7.967,134.013
raptor_2l,0.6301,False,1331.659,hotpotqa,7.967,134.013
hcpc_v2,0.7198,False,2180.402,hotpotqa,7.967,134.013
crag,0.5337,False,1990.151,hotpotqa,7.967,134.013
raptor_2l,0.718,False,2435.476,hotpotqa,7.967,134.013
hcpc_v2,0.5383,False,2721.315,hotpotqa,7.967,134.013
crag,0.5383,False,2605.144,hotpotqa,7.967,134.013
raptor_2l,0.5195,False,2923.974,hotpotqa,7.967,134.013
hcpc_v2,0.542,False,842.806,hotpotqa,7.967,134.013
crag,0.542,False,589.427,hotpotqa,7.967,134.013
raptor_2l,0.6317,False,1697.753,hotpotqa,7.967,134.013
hcpc_v2,0.6427,False,1998.349,hotpotqa,7.967,134.013
crag,0.6527,False,1595.512,hotpotqa,7.967,134.013
raptor_2l,0.6387,False,3854.951,hotpotqa,7.967,134.013
hcpc_v2,0.5664,False,1743.032,hotpotqa,7.967,134.013
crag,0.5664,False,1724.334,hotpotqa,7.967,134.013
raptor_2l,1.0,False,1197.55,hotpotqa,7.967,134.013
hcpc_v2,0.6655,False,1876.103,hotpotqa,7.967,134.013
crag,0.6079,False,2003.766,hotpotqa,7.967,134.013
raptor_2l,0.6858,False,2138.731,hotpotqa,7.967,134.013
hcpc_v2,0.7658,False,2722.609,hotpotqa,7.967,134.013
crag,0.643,False,2181.648,hotpotqa,7.967,134.013
raptor_2l,0.7462,False,1921.121,hotpotqa,7.967,134.013
hcpc_v2,0.5845,False,2144.167,hotpotqa,7.967,134.013
crag,0.4066,True,2847.499,hotpotqa,7.967,134.013
raptor_2l,0.6965,False,2176.152,hotpotqa,7.967,134.013
hcpc_v2,0.6375,False,3635.97,hotpotqa,7.967,134.013
crag,0.7835,False,3622.344,hotpotqa,7.967,134.013
raptor_2l,0.555,False,1629.83,hotpotqa,7.967,134.013
hcpc_v2,0.6187,False,1936.572,hotpotqa,7.967,134.013
crag,0.6051,False,1538.05,hotpotqa,7.967,134.013
raptor_2l,0.706,False,2514.773,hotpotqa,7.967,134.013
hcpc_v2,0.4528,True,2861.962,hotpotqa,7.967,134.013
crag,0.4862,True,2358.79,hotpotqa,7.967,134.013
raptor_2l,0.4833,True,2538.858,hotpotqa,7.967,134.013
hcpc_v2,0.3962,True,2299.962,hotpotqa,7.967,134.013
crag,0.4933,True,3265.34,hotpotqa,7.967,134.013
raptor_2l,0.4788,True,1634.628,hotpotqa,7.967,134.013
hcpc_v2,0.8364,False,1133.092,hotpotqa,7.967,134.013
crag,0.8364,False,1012.598,hotpotqa,7.967,134.013
raptor_2l,0.7149,False,1734.989,hotpotqa,7.967,134.013
hcpc_v2,0.2773,True,1629.854,hotpotqa,7.967,134.013
crag,0.6766,False,1607.845,hotpotqa,7.967,134.013
raptor_2l,0.6739,False,2274.709,hotpotqa,7.967,134.013
hcpc_v2,0.6931,False,3017.748,hotpotqa,7.967,134.013
crag,0.6353,False,3220.751,hotpotqa,7.967,134.013
raptor_2l,0.7317,False,5200.372,hotpotqa,7.967,134.013
hcpc_v2,0.6253,False,4003.834,hotpotqa,7.967,134.013
crag,0.7304,False,1362.174,hotpotqa,7.967,134.013
raptor_2l,0.7318,False,2232.269,hotpotqa,7.967,134.013
hcpc_v2,0.5044,False,1815.577,hotpotqa,7.967,134.013
crag,0.7325,False,2670.63,hotpotqa,7.967,134.013
raptor_2l,0.5358,False,1788.002,hotpotqa,7.967,134.013
hcpc_v2,0.4829,True,2051.155,hotpotqa,7.967,134.013
crag,0.8115,False,1820.294,hotpotqa,7.967,134.013
raptor_2l,0.6569,False,2279.973,hotpotqa,7.967,134.013
hcpc_v2,0.507,False,2948.498,hotpotqa,7.967,134.013
crag,0.5021,False,2074.882,hotpotqa,7.967,134.013
raptor_2l,0.7196,False,2038.955,hotpotqa,7.967,134.013
hcpc_v2,0.4974,True,3075.632,hotpotqa,7.967,134.013
crag,0.5768,False,2355.543,hotpotqa,7.967,134.013
raptor_2l,0.5983,False,2537.997,hotpotqa,7.967,134.013
hcpc_v2,0.8673,False,3314.608,hotpotqa,7.967,134.013
crag,0.8207,False,2197.257,hotpotqa,7.967,134.013
raptor_2l,0.7162,False,2956.65,hotpotqa,7.967,134.013
hcpc_v2,0.7121,False,1740.787,hotpotqa,7.967,134.013
crag,0.8625,False,1217.675,hotpotqa,7.967,134.013
raptor_2l,0.3826,True,855.387,hotpotqa,7.967,134.013
hcpc_v2,0.7151,False,4206.371,hotpotqa,7.967,134.013
crag,0.4847,True,3593.513,hotpotqa,7.967,134.013
raptor_2l,0.504,False,4027.419,hotpotqa,7.967,134.013
hcpc_v2,0.5163,False,1509.947,hotpotqa,7.967,134.013
crag,0.5807,False,947.819,hotpotqa,7.967,134.013
raptor_2l,0.5384,False,2817.038,hotpotqa,7.967,134.013
hcpc_v2,0.6962,False,1287.484,hotpotqa,7.967,134.013
crag,0.7649,False,639.09,hotpotqa,7.967,134.013
raptor_2l,0.7649,False,928.034,hotpotqa,7.967,134.013
hcpc_v2,0.6525,False,2134.015,hotpotqa,7.967,134.013
crag,0.6578,False,1910.555,hotpotqa,7.967,134.013
raptor_2l,0.6525,False,2409.618,hotpotqa,7.967,134.013
hcpc_v2,0.6781,False,3013.506,hotpotqa,7.967,134.013
crag,0.6781,False,2825.033,hotpotqa,7.967,134.013
raptor_2l,0.7375,False,3074.745,hotpotqa,7.967,134.013
hcpc_v2,0.5024,False,862.45,hotpotqa,7.967,134.013
crag,0.6641,False,950.482,hotpotqa,7.967,134.013
raptor_2l,0.5024,False,1283.174,hotpotqa,7.967,134.013
hcpc_v2,0.5779,False,3080.933,hotpotqa,7.967,134.013
crag,0.6601,False,1907.792,hotpotqa,7.967,134.013
raptor_2l,0.742,False,2717.638,hotpotqa,7.967,134.013
hcpc_v2,0.5193,False,843.058,hotpotqa,7.967,134.013
crag,0.5548,False,841.529,hotpotqa,7.967,134.013
raptor_2l,0.7915,False,2947.502,hotpotqa,7.967,134.013
hcpc_v2,0.7329,False,1098.915,hotpotqa,7.967,134.013
crag,0.7329,False,1049.076,hotpotqa,7.967,134.013
raptor_2l,0.7765,False,1569.493,hotpotqa,7.967,134.013
hcpc_v2,0.422,True,2401.133,hotpotqa,7.967,134.013
crag,0.3885,True,3350.495,hotpotqa,7.967,134.013
raptor_2l,0.702,False,2519.969,hotpotqa,7.967,134.013
hcpc_v2,0.755,False,3755.878,hotpotqa,7.967,134.013
crag,0.7547,False,2288.714,hotpotqa,7.967,134.013
raptor_2l,0.8181,False,3866.161,hotpotqa,7.967,134.013
hcpc_v2,0.4659,True,2335.611,hotpotqa,7.967,134.013
crag,0.7994,False,1923.198,hotpotqa,7.967,134.013
raptor_2l,0.4401,True,2645.981,hotpotqa,7.967,134.013
hcpc_v2,0.725,False,1827.934,hotpotqa,7.967,134.013
crag,0.6469,False,1836.982,hotpotqa,7.967,134.013
raptor_2l,0.6608,False,2010.032,hotpotqa,7.967,134.013
hcpc_v2,0.7016,False,1428.759,hotpotqa,7.967,134.013
crag,0.5513,False,2538.414,hotpotqa,7.967,134.013
raptor_2l,0.7026,False,2782.135,hotpotqa,7.967,134.013
hcpc_v2,0.8589,False,801.558,hotpotqa,7.967,134.013
crag,0.8589,False,759.187,hotpotqa,7.967,134.013
raptor_2l,0.4059,True,2135.188,hotpotqa,7.967,134.013
hcpc_v2,0.5787,False,1851.784,hotpotqa,7.967,134.013
crag,0.7553,False,1307.574,hotpotqa,7.967,134.013
raptor_2l,0.4998,True,2335.386,hotpotqa,7.967,134.013
hcpc_v2,0.5134,False,2377.843,hotpotqa,7.967,134.013
crag,0.7497,False,1485.203,hotpotqa,7.967,134.013
raptor_2l,0.7497,False,2021.823,hotpotqa,7.967,134.013
hcpc_v2,0.6786,False,2619.261,hotpotqa,7.967,134.013
crag,0.6584,False,1436.601,hotpotqa,7.967,134.013
raptor_2l,0.5562,False,1804.862,hotpotqa,7.967,134.013
hcpc_v2,0.6773,False,2497.541,hotpotqa,7.967,134.013
crag,0.5527,False,2562.042,hotpotqa,7.967,134.013
raptor_2l,0.6211,False,2471.985,hotpotqa,7.967,134.013
hcpc_v2,0.4129,True,1374.818,hotpotqa,7.967,134.013
crag,0.4129,True,1146.882,hotpotqa,7.967,134.013
raptor_2l,0.4129,True,1727.258,hotpotqa,7.967,134.013
hcpc_v2,0.5671,False,2036.306,hotpotqa,7.967,134.013
crag,0.702,False,1622.16,hotpotqa,7.967,134.013
raptor_2l,0.5459,False,2050.417,hotpotqa,7.967,134.013
hcpc_v2,0.6272,False,2081.368,hotpotqa,7.967,134.013
crag,0.6297,False,3157.779,hotpotqa,7.967,134.013
raptor_2l,0.6969,False,1590.484,hotpotqa,7.967,134.013
hcpc_v2,0.5295,False,3263.316,hotpotqa,7.967,134.013
crag,0.6535,False,2739.424,hotpotqa,7.967,134.013
raptor_2l,0.6097,False,5635.633,hotpotqa,7.967,134.013
hcpc_v2,0.7305,False,1534.517,hotpotqa,7.967,134.013
crag,0.7195,False,1311.412,hotpotqa,7.967,134.013
raptor_2l,0.7305,False,1681.062,hotpotqa,7.967,134.013
hcpc_v2,0.5847,False,3405.653,hotpotqa,7.967,134.013
crag,0.635,False,1363.541,hotpotqa,7.967,134.013
raptor_2l,0.6897,False,3584.819,hotpotqa,7.967,134.013
hcpc_v2,0.7592,False,1227.442,hotpotqa,7.967,134.013
crag,0.7592,False,1184.689,hotpotqa,7.967,134.013
raptor_2l,0.7592,False,1456.323,hotpotqa,7.967,134.013
hcpc_v2,0.8315,False,2292.661,hotpotqa,7.967,134.013
crag,0.7665,False,2295.906,hotpotqa,7.967,134.013
raptor_2l,0.6699,False,2161.427,hotpotqa,7.967,134.013
hcpc_v2,0.7136,False,2268.757,hotpotqa,7.967,134.013
crag,0.7078,False,1190.651,hotpotqa,7.967,134.013
raptor_2l,0.8778,False,2402.206,hotpotqa,7.967,134.013
hcpc_v2,0.7461,False,1917.947,hotpotqa,7.967,134.013
crag,0.6663,False,1807.321,hotpotqa,7.967,134.013
raptor_2l,0.7461,False,2258.756,hotpotqa,7.967,134.013
hcpc_v2,0.6358,False,2443.756,hotpotqa,7.967,134.013
crag,0.6869,False,2945.163,hotpotqa,7.967,134.013
raptor_2l,0.7545,False,3518.547,hotpotqa,7.967,134.013
hcpc_v2,0.5447,False,1743.415,hotpotqa,7.967,134.013
crag,0.8112,False,2175.259,hotpotqa,7.967,134.013
raptor_2l,0.5528,False,2033.848,hotpotqa,7.967,134.013
hcpc_v2,0.6049,False,2368.19,hotpotqa,7.967,134.013
crag,0.6841,False,1428.519,hotpotqa,7.967,134.013
raptor_2l,0.6459,False,2133.963,hotpotqa,7.967,134.013
hcpc_v2,0.6543,False,2247.096,hotpotqa,7.967,134.013
crag,0.4729,True,2432.53,hotpotqa,7.967,134.013
raptor_2l,0.6545,False,2335.984,hotpotqa,7.967,134.013
hcpc_v2,0.489,True,1625.118,hotpotqa,7.967,134.013
crag,0.6249,False,1220.289,hotpotqa,7.967,134.013
raptor_2l,0.541,False,2089.477,hotpotqa,7.967,134.013
hcpc_v2,0.7414,False,2320.228,hotpotqa,7.967,134.013
crag,0.495,True,3172.057,hotpotqa,7.967,134.013
raptor_2l,0.6801,False,2783.768,hotpotqa,7.967,134.013
hcpc_v2,0.5675,False,946.633,hotpotqa,7.967,134.013
crag,0.5603,False,2905.706,hotpotqa,7.967,134.013
raptor_2l,0.5264,False,4906.386,hotpotqa,7.967,134.013
hcpc_v2,0.6482,False,2647.74,hotpotqa,7.967,134.013
crag,0.5669,False,1707.165,hotpotqa,7.967,134.013
raptor_2l,0.7665,False,2906.479,hotpotqa,7.967,134.013
hcpc_v2,0.7344,False,1816.929,hotpotqa,7.967,134.013
crag,0.7332,False,1265.725,hotpotqa,7.967,134.013
raptor_2l,0.7344,False,1921.392,hotpotqa,7.967,134.013
hcpc_v2,0.6161,False,1488.769,hotpotqa,7.967,134.013
crag,0.7156,False,1695.719,hotpotqa,7.967,134.013
raptor_2l,0.5617,False,1840.389,hotpotqa,7.967,134.013
hcpc_v2,0.9593,False,1240.695,hotpotqa,7.967,134.013
crag,0.6538,False,469.411,hotpotqa,7.967,134.013
raptor_2l,0.6538,False,835.527,hotpotqa,7.967,134.013
hcpc_v2,0.558,False,2511.971,hotpotqa,7.967,134.013
crag,0.7314,False,2234.171,hotpotqa,7.967,134.013
raptor_2l,0.7227,False,2723.335,hotpotqa,7.967,134.013
hcpc_v2,0.8003,False,3005.7,hotpotqa,7.967,134.013
crag,0.8003,False,2938.324,hotpotqa,7.967,134.013
raptor_2l,0.6518,False,2403.648,hotpotqa,7.967,134.013
hcpc_v2,0.62,False,2019.335,hotpotqa,7.967,134.013
crag,0.62,False,1798.329,hotpotqa,7.967,134.013
raptor_2l,0.62,False,2349.394,hotpotqa,7.967,134.013
hcpc_v2,0.7215,False,1530.508,hotpotqa,7.967,134.013
crag,0.7215,False,1458.672,hotpotqa,7.967,134.013
raptor_2l,0.7215,False,1830.613,hotpotqa,7.967,134.013
hcpc_v2,0.6006,False,1560.051,hotpotqa,7.967,134.013
crag,0.6604,False,846.871,hotpotqa,7.967,134.013
raptor_2l,0.5703,False,3013.314,hotpotqa,7.967,134.013
hcpc_v2,0.8896,False,1845.972,hotpotqa,7.967,134.013
crag,0.8896,False,1621.437,hotpotqa,7.967,134.013
raptor_2l,0.8896,False,2227.094,hotpotqa,7.967,134.013
hcpc_v2,0.5848,False,4519.041,hotpotqa,7.967,134.013
crag,0.5574,False,2734.624,hotpotqa,7.967,134.013
raptor_2l,0.5495,False,3632.37,hotpotqa,7.967,134.013
hcpc_v2,0.6223,False,4675.396,hotpotqa,7.967,134.013
crag,0.7477,False,1647.209,hotpotqa,7.967,134.013
raptor_2l,0.443,True,2043.235,hotpotqa,7.967,134.013
hcpc_v2,0.3635,True,3409.039,hotpotqa,7.967,134.013
crag,0.5811,False,338.001,hotpotqa,7.967,134.013
raptor_2l,0.6368,False,1794.219,hotpotqa,7.967,134.013
hcpc_v2,0.9836,False,1814.665,hotpotqa,7.967,134.013
crag,0.6179,False,609.109,hotpotqa,7.967,134.013
raptor_2l,0.7064,False,2122.631,hotpotqa,7.967,134.013
hcpc_v2,0.6037,False,2247.891,hotpotqa,7.967,134.013
crag,0.5885,False,2282.274,hotpotqa,7.967,134.013
raptor_2l,0.5932,False,2388.038,hotpotqa,7.967,134.013
hcpc_v2,0.6525,False,2412.939,hotpotqa,7.967,134.013
crag,0.7338,False,1612.138,hotpotqa,7.967,134.013
raptor_2l,0.5558,False,2111.185,hotpotqa,7.967,134.013
hcpc_v2,0.6908,False,1251.793,hotpotqa,7.967,134.013
crag,0.5531,False,684.367,hotpotqa,7.967,134.013
raptor_2l,0.6834,False,2169.477,hotpotqa,7.967,134.013
hcpc_v2,0.4239,True,1663.843,hotpotqa,7.967,134.013
crag,0.6705,False,2658.122,hotpotqa,7.967,134.013
raptor_2l,0.6398,False,2027.254,hotpotqa,7.967,134.013
hcpc_v2,0.5615,False,1872.458,hotpotqa,7.967,134.013
crag,0.5615,False,1865.662,hotpotqa,7.967,134.013
raptor_2l,0.5851,False,2189.708,hotpotqa,7.967,134.013
hcpc_v2,0.7285,False,3366.632,hotpotqa,7.967,134.013
crag,0.6674,False,1311.626,hotpotqa,7.967,134.013
raptor_2l,0.5151,False,2462.233,hotpotqa,7.967,134.013
hcpc_v2,0.5747,False,1981.116,hotpotqa,7.967,134.013
crag,0.5747,False,1969.377,hotpotqa,7.967,134.013
raptor_2l,0.5444,False,980.874,hotpotqa,7.967,134.013
hcpc_v2,0.6855,False,3274.037,hotpotqa,7.967,134.013
crag,0.6586,False,1755.156,hotpotqa,7.967,134.013
raptor_2l,0.6901,False,2604.711,hotpotqa,7.967,134.013
hcpc_v2,0.7279,False,645.725,hotpotqa,7.967,134.013
crag,0.7279,False,323.916,hotpotqa,7.967,134.013
raptor_2l,0.7279,False,1138.235,hotpotqa,7.967,134.013
hcpc_v2,0.8216,False,1506.915,hotpotqa,7.967,134.013
crag,0.8216,False,1463.66,hotpotqa,7.967,134.013
raptor_2l,0.4451,True,3382.797,hotpotqa,7.967,134.013
hcpc_v2,0.6888,False,998.17,hotpotqa,7.967,134.013
crag,0.6888,False,899.485,hotpotqa,7.967,134.013
raptor_2l,0.6366,False,1791.929,hotpotqa,7.967,134.013
hcpc_v2,0.6526,False,2076.588,hotpotqa,7.967,134.013
crag,0.6631,False,1711.912,hotpotqa,7.967,134.013
raptor_2l,0.6831,False,2493.597,hotpotqa,7.967,134.013
hcpc_v2,0.5011,False,2143.6,hotpotqa,7.967,134.013
crag,0.6701,False,3518.053,hotpotqa,7.967,134.013
raptor_2l,0.5308,False,2962.552,hotpotqa,7.967,134.013
hcpc_v2,0.6571,False,1757.984,hotpotqa,7.967,134.013
crag,0.6571,False,1452.247,hotpotqa,7.967,134.013
raptor_2l,0.5932,False,2157.659,hotpotqa,7.967,134.013
hcpc_v2,0.8048,False,2143.705,hotpotqa,7.967,134.013
crag,0.5707,False,3897.651,hotpotqa,7.967,134.013
raptor_2l,0.7528,False,1795.887,hotpotqa,7.967,134.013
hcpc_v2,0.5914,False,528.522,hotpotqa,7.967,134.013
crag,0.5914,False,330.807,hotpotqa,7.967,134.013
raptor_2l,0.6467,False,1713.792,hotpotqa,7.967,134.013
hcpc_v2,0.3819,True,2829.078,hotpotqa,7.967,134.013
crag,0.4045,True,2559.383,hotpotqa,7.967,134.013
raptor_2l,0.7155,False,3065.239,hotpotqa,7.967,134.013
hcpc_v2,0.6182,False,1991.956,hotpotqa,7.967,134.013
crag,0.6182,False,1884.974,hotpotqa,7.967,134.013
raptor_2l,0.6182,False,2318.444,hotpotqa,7.967,134.013
hcpc_v2,0.6057,False,2537.548,hotpotqa,7.967,134.013
crag,0.5113,False,2842.986,hotpotqa,7.967,134.013
raptor_2l,0.6077,False,3244.629,hotpotqa,7.967,134.013
hcpc_v2,0.5956,False,3305.345,hotpotqa,7.967,134.013
crag,0.7161,False,2360.112,hotpotqa,7.967,134.013
raptor_2l,0.7227,False,3489.343,hotpotqa,7.967,134.013
hcpc_v2,0.531,False,2055.707,hotpotqa,7.967,134.013
crag,0.6347,False,1273.795,hotpotqa,7.967,134.013
raptor_2l,0.5477,False,2418.775,hotpotqa,7.967,134.013
hcpc_v2,0.3153,True,542.303,hotpotqa,7.967,134.013
crag,0.633,False,1356.534,hotpotqa,7.967,134.013
raptor_2l,0.7649,False,2203.313,hotpotqa,7.967,134.013
hcpc_v2,0.7135,False,1772.92,hotpotqa,7.967,134.013
crag,0.8124,False,693.409,hotpotqa,7.967,134.013
raptor_2l,0.6762,False,1760.083,hotpotqa,7.967,134.013
hcpc_v2,0.6272,False,1901.194,hotpotqa,7.967,134.013
crag,0.6808,False,1282.204,hotpotqa,7.967,134.013
raptor_2l,0.6272,False,2085.546,hotpotqa,7.967,134.013
